drop table if exists students;
create table students (
	id INT,
	first_name VARCHAR(50),
	last_name VARCHAR(50),
	gender VARCHAR(50)
);
insert into students 
(id, first_name, last_name, gender) 
values 
(1, 'Sara-ann', 'Eallis', 'Female'),
(2, 'Ki', 'Bargery', 'Female'),
(3, 'Janette', 'McDowell', 'Female'),
(4, 'Hephzibah', 'Norrey', 'Female'),
(5, 'Hewitt', 'Doyley', 'Male'),
(6, 'Norina', 'Strephan', 'Female'),
(7, 'Gaby', 'Raoux', 'Male'),
(8, 'Merola', 'Colleran', 'Female'),
(9, 'Hubey', 'Elderbrant', 'Male'),
(10, 'Skell', 'Baudino', 'Male'),
(11, 'Orella', 'Hagart', 'Female'),
(12, 'Ailey', 'Allmen', 'Female'),
(13, 'Kenny', 'Quartermain', 'Male'),
(14, 'Jacki', 'Forrester', 'Female'),
(15, 'Mercedes', 'Dow', 'Female'),
(16, 'Asher', 'Russo', 'Male'),
(17, 'Laurie', 'Lewins', 'Female'),
(18, 'Leighton', 'Cullotey', 'Male'),
(19, 'Margi', 'Kadd', 'Female'),
(20, 'Wernher', 'Alstead', 'Male'),
(21, 'Rollo', 'Cabrer', 'Male'),
(22, 'Shelba', 'Pimmocke', 'Female'),
(23, 'Lilias', 'Tipping', 'Female'),
(24, 'Lydie', 'Lumpkin', 'Female'),
(25, 'Buckie', 'Mullane', 'Male'),
(26, 'Derry', 'Crosen', 'Male'),
(27, 'Scotti', 'O''Scanlon', 'Male'),
(28, 'Retha', 'Sich', 'Female'),
(29, 'Ashil', 'Mulqueeny', 'Female'),
(30, 'Dylan', 'Mannock', 'Male'),
(31, 'Papagena', 'Wenderott', 'Female'),
(32, 'Merci', 'Farlane', 'Female'),
(33, 'Jeni', 'Ridde', 'Female'),
(34, 'Klement', 'Beevors', 'Male'),
(35, 'Northrup', 'Barks', 'Male'),
(36, 'Crichton', 'Kiebes', 'Male'),
(37, 'Lucine', 'Filipputti', 'Female'),
(38, 'Solomon', 'Oseman', 'Male'),
(39, 'Corly', 'Milligan', 'Female'),
(40, 'Lewiss', 'Tollfree', 'Male'),
(41, 'Luelle', 'Chuck', 'Female'),
(42, 'Ania', 'Wagerfield', 'Female'),
(43, 'Randell', 'Pickerin', 'Male'),
(44, 'Lindy', 'Kahler', 'Male'),
(45, 'Derby', 'Sarrell', 'Male'),
(46, 'Randa', 'Sunman', 'Female'),
(47, 'Valentijn', 'Heffernan', 'Male'),
(48, 'Pernell', 'Tett', 'Male'),
(49, 'Cordie', 'Tatam', 'Male'),
(50, 'Morgen', 'Sisson', 'Male'),
(51, 'Gabriell', 'Dornin', 'Female'),
(52, 'Adelbert', 'Driussi', 'Male'),
(53, 'Bev', 'Rumbelow', 'Female'),
(54, 'Wittie', 'Olenichev', 'Male'),
(55, 'Galvin', 'Tomovic', 'Male'),
(56, 'Free', 'Honisch', 'Male'),
(57, 'Giusto', 'Filkin', 'Male'),
(58, 'Lorinda', 'Churchman', 'Female'),
(59, 'Nickolai', 'Winmill', 'Male'),
(60, 'Marilin', 'Babington', 'Female'),
(61, 'Boote', 'Burnsall', 'Male'),
(62, 'Nils', 'Mepsted', 'Male'),
(63, 'Jedediah', 'Henric', 'Male'),
(64, 'Nikaniki', 'Hazlewood', 'Female'),
(65, 'Sigismund', 'Beeching', 'Male'),
(66, 'Pincas', 'Hackleton', 'Male'),
(67, 'Lynnelle', 'Merington', 'Female'),
(68, 'Trevar', 'Engel', 'Male'),
(69, 'Bobbee', 'Lytlle', 'Female'),
(70, 'Debby', 'Dutnell', 'Female'),
(71, 'Verne', 'Zollner', 'Male'),
(72, 'Karoly', 'Wolvey', 'Female'),
(73, 'Morie', 'Antonio', 'Male'),
(74, 'Emile', 'Stockford', 'Male'),
(75, 'Reamonn', 'Lupton', 'Male'),
(76, 'Gretna', 'Balducci', 'Female'),
(77, 'Fredra', 'Halleday', 'Female'),
(78, 'Clementine', 'Labusch', 'Female'),
(79, 'Carl', 'Reuss', 'Male'),
(80, 'Granville', 'Ferrandez', 'Male'),
(81, 'Redford', 'Fuentez', 'Male'),
(82, 'Waylan', 'Doby', 'Male'),
(83, 'Josephina', 'Coyish', 'Female'),
(84, 'Crista', 'Pevsner', 'Female'),
(85, 'Herby', 'Fairfoull', 'Male'),
(86, 'Lindi', 'Pedri', 'Female'),
(87, 'Theodora', 'Stringer', 'Female'),
(88, 'Pearle', 'Kops', 'Female'),
(89, 'Salem', 'Kensit', 'Male'),
(90, 'Guenevere', 'Trett', 'Female'),
(91, 'Carmine', 'Whitta', 'Male'),
(92, 'Pavia', 'Gremain', 'Female'),
(93, 'Waite', 'Euesden', 'Male'),
(94, 'Jessee', 'Michie', 'Male'),
(95, 'Noelani', 'Claypole', 'Female'),
(96, 'Morton', 'Ivic', 'Male'),
(97, 'Renae', 'Quakley', 'Female'),
(98, 'Dniren', 'Lowle', 'Female'),
(99, 'Artemas', 'Lambertazzi', 'Male'),
(100, 'Drew', 'Mealiffe', 'Male'),
(101, 'Christye', 'Scottrell', 'Female'),
(102, 'Viki', 'Sauvain', 'Female'),
(103, 'Wait', 'Freyn', 'Male'),
(104, 'Dean', 'Boynton', 'Male'),
(105, 'Ronnie', 'Harrismith', 'Male'),
(106, 'Henderson', 'Werny', 'Male'),
(107, 'Pincus', 'Ruggiero', 'Male'),
(108, 'Mozelle', 'Doumer', 'Female'),
(109, 'Pearle', 'O''Shields', 'Female'),
(110, 'Odelia', 'Priestley', 'Female'),
(111, 'Coletta', 'Lower', 'Female'),
(112, 'Cathee', 'Quigley', 'Female'),
(113, 'Desdemona', 'Grotty', 'Female'),
(114, 'Faustina', 'Gourlie', 'Female'),
(115, 'Florie', 'Whereat', 'Female'),
(116, 'Zia', 'MacPhaden', 'Female'),
(117, 'Stephen', 'Grancher', 'Male'),
(118, 'Winnah', 'Othen', 'Female'),
(119, 'Brucie', 'Glenny', 'Male'),
(120, 'Paul', 'Longcaster', 'Male'),
(121, 'Borg', 'Leither', 'Male'),
(122, 'Shanda', 'Garshore', 'Female'),
(123, 'Cord', 'Sparshott', 'Male'),
(124, 'Selena', 'Witch', 'Female'),
(125, 'Eadie', 'Libbey', 'Female'),
(126, 'Samuel', 'Wollers', 'Male'),
(127, 'Brigitte', 'Peascod', 'Female'),
(128, 'Vivyan', 'Litherborough', 'Female'),
(129, 'Talia', 'Rapin', 'Female'),
(130, 'Darbee', 'MacKenney', 'Male'),
(131, 'Venus', 'Akett', 'Female'),
(132, 'Der', 'MacMychem', 'Male'),
(133, 'Maxy', 'Thornewill', 'Male'),
(134, 'Cissiee', 'Djokic', 'Female'),
(135, 'Gwennie', 'Rudledge', 'Female'),
(136, 'Trina', 'Weatherill', 'Female'),
(137, 'Rosabella', 'Redemile', 'Female'),
(138, 'Corrianne', 'McClarence', 'Female'),
(139, 'Selinda', 'Kilgrew', 'Female'),
(140, 'Drew', 'Felkin', 'Male'),
(141, 'Jory', 'Doey', 'Male'),
(142, 'Wendi', 'Wooland', 'Female'),
(143, 'Amabel', 'Nind', 'Female'),
(144, 'Ernest', 'Shill', 'Male'),
(145, 'Mahmoud', 'Shand', 'Male'),
(146, 'Lemmie', 'Muzzillo', 'Male'),
(147, 'Arleen', 'Bauduin', 'Female'),
(148, 'Mart', 'Ible', 'Male'),
(149, 'Marten', 'Avison', 'Male'),
(150, 'Gayler', 'Trevithick', 'Male'),
(151, 'Don', 'Mell', 'Male'),
(152, 'Ranna', 'Jon', 'Female'),
(153, 'Fabe', 'Sarjent', 'Male'),
(154, 'Sterling', 'Tribble', 'Male'),
(155, 'Mamie', 'Standbrooke', 'Female'),
(156, 'Vergil', 'Kighly', 'Male'),
(157, 'Tony', 'Thumim', 'Male'),
(158, 'Peirce', 'Andreassen', 'Male'),
(159, 'Arabelle', 'McArt', 'Female'),
(160, 'Kakalina', 'Castellucci', 'Female'),
(161, 'Noelani', 'Rammell', 'Female'),
(162, 'Patty', 'Stockton', 'Male'),
(163, 'Claiborn', 'Pengelly', 'Male'),
(164, 'Connor', 'Swigg', 'Male'),
(165, 'Kari', 'Underhill', 'Female'),
(166, 'Pen', 'Labat', 'Male'),
(167, 'Eddy', 'Polglase', 'Female'),
(168, 'Delora', 'Passey', 'Female'),
(169, 'Honey', 'Witchalls', 'Female'),
(170, 'Marcelia', 'Hewlings', 'Female'),
(171, 'Fairfax', 'Kach', 'Male'),
(172, 'Donall', 'Gowans', 'Male'),
(173, 'Ailbert', 'Durrant', 'Male'),
(174, 'Archambault', 'Edworthye', 'Male'),
(175, 'Gayler', 'Hitscher', 'Male'),
(176, 'Pattie', 'Jaime', 'Female'),
(177, 'Dennet', 'Geator', 'Male'),
(178, 'Palm', 'Cocke', 'Male'),
(179, 'Elsey', 'Grummitt', 'Female'),
(180, 'Cinda', 'Kemwall', 'Female'),
(181, 'Whitby', 'Shee', 'Male'),
(182, 'Jeanna', 'Brisson', 'Female'),
(183, 'Walt', 'Thoresby', 'Male'),
(184, 'Dulce', 'Leafe', 'Female'),
(185, 'Joellyn', 'Bettesworth', 'Female'),
(186, 'Ayn', 'Brea', 'Female'),
(187, 'Regan', 'Skirvane', 'Female'),
(188, 'Rodolphe', 'Burborough', 'Male'),
(189, 'Sigismundo', 'Battey', 'Male'),
(190, 'Lew', 'Harrisson', 'Male'),
(191, 'Danita', 'Giacopello', 'Female'),
(192, 'Carolee', 'Pestricke', 'Female'),
(193, 'Cassaundra', 'Castri', 'Female'),
(194, 'Romain', 'Whittier', 'Male'),
(195, 'Skip', 'Reach', 'Male'),
(196, 'Orlando', 'Grinval', 'Male'),
(197, 'Bennie', 'Kitchenman', 'Female'),
(198, 'Giacomo', 'Olek', 'Male'),
(199, 'Cort', 'Burth', 'Male'),
(200, 'Crin', 'Peirce', 'Female'),
(201, 'Nettle', 'Giorgini', 'Female'),
(202, 'Misha', 'Zanassi', 'Female'),
(203, 'Mariellen', 'Olivetta', 'Female'),
(204, 'Melisent', 'Hedylstone', 'Female'),
(205, 'Batholomew', 'Moens', 'Male'),
(206, 'Doe', 'Lewsie', 'Female'),
(207, 'Tomlin', 'Rosendall', 'Male'),
(208, 'Newton', 'Philippe', 'Male'),
(209, 'Cammi', 'Redman', 'Female'),
(210, 'Mack', 'Leatham', 'Male'),
(211, 'Salvatore', 'Roobottom', 'Male'),
(212, 'Elga', 'Soeiro', 'Female'),
(213, 'Edik', 'McCreery', 'Male'),
(214, 'Atlanta', 'Launder', 'Female'),
(215, 'Susy', 'Beidebeke', 'Female'),
(216, 'Gaston', 'Haylock', 'Male'),
(217, 'Violetta', 'Aldcorn', 'Female'),
(218, 'Demetris', 'Felgat', 'Male'),
(219, 'Vicky', 'Bidgod', 'Female'),
(220, 'Lily', 'Bowick', 'Female'),
(221, 'Michele', 'Camerana', 'Male'),
(222, 'Pammy', 'Yves', 'Female'),
(223, 'Austina', 'Grundon', 'Female'),
(224, 'Amity', 'Kempe', 'Female'),
(225, 'Donnie', 'Cowe', 'Male'),
(226, 'Patricio', 'Errol', 'Male'),
(227, 'Maurizia', 'Culverhouse', 'Female'),
(228, 'Jessalin', 'Panyer', 'Female'),
(229, 'Pieter', 'Borgars', 'Male'),
(230, 'Michel', 'Broomer', 'Female'),
(231, 'Garry', 'Brereton', 'Male'),
(232, 'Karon', 'Christoffe', 'Female'),
(233, 'Rockey', 'Taffarello', 'Male'),
(234, 'Dylan', 'Bowell', 'Male'),
(235, 'Mill', 'Pigdon', 'Male'),
(236, 'Cosmo', 'Conachie', 'Male'),
(237, 'Timi', 'Twydell', 'Female'),
(238, 'Rand', 'Roddam', 'Male'),
(239, 'Cordy', 'Bonavia', 'Male'),
(240, 'Skylar', 'Maxwale', 'Male'),
(241, 'Fredek', 'Dillistone', 'Male'),
(242, 'Zared', 'Terbeck', 'Male'),
(243, 'Westbrook', 'Cammock', 'Male'),
(244, 'Kai', 'Hirtz', 'Female'),
(245, 'Sumner', 'Scott', 'Male'),
(246, 'Marya', 'Keerl', 'Female'),
(247, 'Claresta', 'Inglesant', 'Female'),
(248, 'Tobias', 'MacTeague', 'Male'),
(249, 'Stoddard', 'Horche', 'Female'),
(250, 'Gasper', 'Torbeck', 'Male'),
(251, 'Casey', 'Curthoys', 'Female'),
(252, 'Dorella', 'Primmer', 'Female'),
(253, 'Peggy', 'Parman', 'Female'),
(254, 'Connie', 'Brood', 'Male'),
(255, 'Ancell', 'Dugmore', 'Male'),
(256, 'Tudor', 'Emer', 'Male'),
(257, 'Mariquilla', 'Spindler', 'Female'),
(258, 'Alisa', 'Van Velden', 'Female'),
(259, 'Sigrid', 'Grogono', 'Female'),
(260, 'Dell', 'Boutellier', 'Male'),
(261, 'Thain', 'Embleton', 'Male'),
(262, 'Cthrine', 'Woolfenden', 'Female'),
(263, 'Dallis', 'Dinan', 'Male'),
(264, 'Bordie', 'Bath', 'Male'),
(265, 'Gordon', 'Clemmow', 'Male'),
(266, 'Cammy', 'Caddens', 'Male'),
(267, 'Sonnie', 'Kubera', 'Female'),
(268, 'Kilian', 'Farraway', 'Male'),
(269, 'Eldridge', 'Beacham', 'Male'),
(270, 'Carroll', 'Cathenod', 'Male'),
(271, 'Cly', 'Pindred', 'Male'),
(272, 'Kerby', 'Naseby', 'Male'),
(273, 'Jehu', 'Jumeau', 'Male'),
(274, 'Dalia', 'Remmers', 'Female'),
(275, 'Jodi', 'Litster', 'Female'),
(276, 'Leena', 'Brun', 'Female'),
(277, 'Alice', 'Robker', 'Female'),
(278, 'Cyndy', 'Iacomini', 'Female'),
(279, 'Bernardina', 'Grandin', 'Female'),
(280, 'Norma', 'Scud', 'Female'),
(281, 'Rocky', 'Fores', 'Male'),
(282, 'Davin', 'O''dell', 'Male'),
(283, 'Ellswerth', 'Elster', 'Male'),
(284, 'Reggis', 'Figurski', 'Male'),
(285, 'Geoffrey', 'Wegener', 'Male'),
(286, 'Fedora', 'Harkness', 'Female'),
(287, 'Hannis', 'Licciardo', 'Female'),
(288, 'Bourke', 'Ferrie', 'Male'),
(289, 'Kent', 'Eborn', 'Male'),
(290, 'Link', 'Goldup', 'Male'),
(291, 'Perri', 'Cicutto', 'Female'),
(292, 'Lorette', 'Treadgold', 'Female'),
(293, 'Willie', 'Khristoforov', 'Female'),
(294, 'Brodie', 'Gerrill', 'Male'),
(295, 'Morissa', 'Tuckey', 'Female'),
(296, 'Sheilakathryn', 'MacChaell', 'Female'),
(297, 'Archaimbaud', 'Castellucci', 'Male'),
(298, 'Lilli', 'Iltchev', 'Female'),
(299, 'Weber', 'Prine', 'Male'),
(300, 'Hunter', 'Herche', 'Male');




drop table if exists students_classes;
create table students_classes
(
    id INT PRIMARY KEY,
    student_id INT,
    class_id INT
);
insert into students_classes
(id, student_id, class_id)
values

(1,1,1),
(2,1,2),
(3,1,3),
(4,1,4),
(5,1,5),
(6,1,6),
(7,1,7),
(8,1,8),
(9,2,9),
(10,2,10),
(11,2,11),
(12,2,12),
(13,2,13),
(14,2,14),
(15,2,15),
(16,2,16),
(17,3,17),
(18,3,18),
(19,3,19),
(20,3,20),
(21,3,21),
(22,3,22),
(23,3,23),
(24,3,24),
(25,4,25),
(26,4,26),
(27,4,27),
(28,4,28),
(29,4,29),
(30,4,30),
(31,4,31),
(32,4,32),
(33,5,33),
(34,5,34),
(35,5,35),
(36,5,36),
(37,5,37),
(38,5,38),
(39,5,39),
(40,5,40),
(41,6,1),
(42,6,2),
(43,6,3),
(44,6,4),
(45,6,5),
(46,6,6),
(47,6,7),
(48,6,8),
(49,7,9),
(50,7,10),
(51,7,11),
(52,7,12),
(53,7,13),
(54,7,14),
(55,7,15),
(56,7,16),
(57,8,17),
(58,8,18),
(59,8,19),
(60,8,20),
(61,8,21),
(62,8,22),
(63,8,23),
(64,8,24),
(65,9,25),
(66,9,26),
(67,9,27),
(68,9,28),
(69,9,29),
(70,9,30),
(71,9,31),
(72,9,32),
(73,10,33),
(74,10,34),
(75,10,35),
(76,10,36),
(77,10,37),
(78,10,38),
(79,10,39),
(80,10,40),
(81,11,1),
(82,11,2),
(83,11,3),
(84,11,4),
(85,11,5),
(86,11,6),
(87,11,7),
(88,11,8),
(89,12,9),
(90,12,10),
(91,12,11),
(92,12,12),
(93,12,13),
(94,12,14),
(95,12,15),
(96,12,16),
(97,13,17),
(98,13,18),
(99,13,19),
(100,13,20),
(101,13,21),
(102,13,22),
(103,13,23),
(104,13,24),
(105,14,25),
(106,14,26),
(107,14,27),
(108,14,28),
(109,14,29),
(110,14,30),
(111,14,31),
(112,14,32),
(113,15,33),
(114,15,34),
(115,15,35),
(116,15,36),
(117,15,37),
(118,15,38),
(119,15,39),
(120,15,40),
(121,16,1),
(122,16,2),
(123,16,3),
(124,16,4),
(125,16,5),
(126,16,6),
(127,16,7),
(128,16,8),
(129,17,9),
(130,17,10),
(131,17,11),
(132,17,12),
(133,17,13),
(134,17,14),
(135,17,15),
(136,17,16),
(137,18,17),
(138,18,18),
(139,18,19),
(140,18,20),
(141,18,21),
(142,18,22),
(143,18,23),
(144,18,24),
(145,19,25),
(146,19,26),
(147,19,27),
(148,19,28),
(149,19,29),
(150,19,30),
(151,19,31),
(152,19,32),
(153,20,33),
(154,20,34),
(155,20,35),
(156,20,36),
(157,20,37),
(158,20,38),
(159,20,39),
(160,20,40),
(161,21,1),
(162,21,2),
(163,21,3),
(164,21,4),
(165,21,5),
(166,21,6),
(167,21,7),
(168,21,8),
(169,22,9),
(170,22,10),
(171,22,11),
(172,22,12),
(173,22,13),
(174,22,14),
(175,22,15),
(176,22,16),
(177,23,17),
(178,23,18),
(179,23,19),
(180,23,20),
(181,23,21),
(182,23,22),
(183,23,23),
(184,23,24),
(185,24,25),
(186,24,26),
(187,24,27),
(188,24,28),
(189,24,29),
(190,24,30),
(191,24,31),
(192,24,32),
(193,25,33),
(194,25,34),
(195,25,35),
(196,25,36),
(197,25,37),
(198,25,38),
(199,25,39),
(200,25,40),
(201,26,1),
(202,26,2),
(203,26,3),
(204,26,4),
(205,26,5),
(206,26,6),
(207,26,7),
(208,26,8),
(209,27,9),
(210,27,10),
(211,27,11),
(212,27,12),
(213,27,13),
(214,27,14),
(215,27,15),
(216,27,16),
(217,28,17),
(218,28,18),
(219,28,19),
(220,28,20),
(221,28,21),
(222,28,22),
(223,28,23),
(224,28,24),
(225,29,25),
(226,29,26),
(227,29,27),
(228,29,28),
(229,29,29),
(230,29,30),
(231,29,31),
(232,29,32),
(233,30,33),
(234,30,34),
(235,30,35),
(236,30,36),
(237,30,37),
(238,30,38),
(239,30,39),
(240,30,40),
(241,31,1),
(242,31,2),
(243,31,3),
(244,31,4),
(245,31,5),
(246,31,6),
(247,31,7),
(248,31,8),
(249,32,9),
(250,32,10),
(251,32,11),
(252,32,12),
(253,32,13),
(254,32,14),
(255,32,15),
(256,32,16),
(257,33,17),
(258,33,18),
(259,33,19),
(260,33,20),
(261,33,21),
(262,33,22),
(263,33,23),
(264,33,24),
(265,34,25),
(266,34,26),
(267,34,27),
(268,34,28),
(269,34,29),
(270,34,30),
(271,34,31),
(272,34,32),
(273,35,33),
(274,35,34),
(275,35,35),
(276,35,36),
(277,35,37),
(278,35,38),
(279,35,39),
(280,35,40),
(281,36,1),
(282,36,2),
(283,36,3),
(284,36,4),
(285,36,5),
(286,36,6),
(287,36,7),
(288,36,8),
(289,37,9),
(290,37,10),
(291,37,11),
(292,37,12),
(293,37,13),
(294,37,14),
(295,37,15),
(296,37,16),
(297,38,17),
(298,38,18),
(299,38,19),
(300,38,20),
(301,38,21),
(302,38,22),
(303,38,23),
(304,38,24),
(305,39,25),
(306,39,26),
(307,39,27),
(308,39,28),
(309,39,29),
(310,39,30),
(311,39,31),
(312,39,32),
(313,40,33),
(314,40,34),
(315,40,35),
(316,40,36),
(317,40,37),
(318,40,38),
(319,40,39),
(320,40,40),
(321,41,1),
(322,41,2),
(323,41,3),
(324,41,4),
(325,41,5),
(326,41,6),
(327,41,7),
(328,41,8),
(329,42,9),
(330,42,10),
(331,42,11),
(332,42,12),
(333,42,13),
(334,42,14),
(335,42,15),
(336,42,16),
(337,43,17),
(338,43,18),
(339,43,19),
(340,43,20),
(341,43,21),
(342,43,22),
(343,43,23),
(344,43,24),
(345,44,25),
(346,44,26),
(347,44,27),
(348,44,28),
(349,44,29),
(350,44,30),
(351,44,31),
(352,44,32),
(353,45,33),
(354,45,34),
(355,45,35),
(356,45,36),
(357,45,37),
(358,45,38),
(359,45,39),
(360,45,40),
(361,46,1),
(362,46,2),
(363,46,3),
(364,46,4),
(365,46,5),
(366,46,6),
(367,46,7),
(368,46,8),
(369,47,9),
(370,47,10),
(371,47,11),
(372,47,12),
(373,47,13),
(374,47,14),
(375,47,15),
(376,47,16),
(377,48,17),
(378,48,18),
(379,48,19),
(380,48,20),
(381,48,21),
(382,48,22),
(383,48,23),
(384,48,24),
(385,49,25),
(386,49,26),
(387,49,27),
(388,49,28),
(389,49,29),
(390,49,30),
(391,49,31),
(392,49,32),
(393,50,33),
(394,50,34),
(395,50,35),
(396,50,36),
(397,50,37),
(398,50,38),
(399,50,39),
(400,50,40),
(401,51,1),
(402,51,2),
(403,51,3),
(404,51,4),
(405,51,5),
(406,51,6),
(407,51,7),
(408,51,8),
(409,52,9),
(410,52,10),
(411,52,11),
(412,52,12),
(413,52,13),
(414,52,14),
(415,52,15),
(416,52,16),
(417,53,17),
(418,53,18),
(419,53,19),
(420,53,20),
(421,53,21),
(422,53,22),
(423,53,23),
(424,53,24),
(425,54,25),
(426,54,26),
(427,54,27),
(428,54,28),
(429,54,29),
(430,54,30),
(431,54,31),
(432,54,32),
(433,55,33),
(434,55,34),
(435,55,35),
(436,55,36),
(437,55,37),
(438,55,38),
(439,55,39),
(440,55,40),
(441,56,1),
(442,56,2),
(443,56,3),
(444,56,4),
(445,56,5),
(446,56,6),
(447,56,7),
(448,56,8),
(449,57,9),
(450,57,10),
(451,57,11),
(452,57,12),
(453,57,13),
(454,57,14),
(455,57,15),
(456,57,16),
(457,58,17),
(458,58,18),
(459,58,19),
(460,58,20),
(461,58,21),
(462,58,22),
(463,58,23),
(464,58,24),
(465,59,25),
(466,59,26),
(467,59,27),
(468,59,28),
(469,59,29),
(470,59,30),
(471,59,31),
(472,59,32),
(473,60,33),
(474,60,34),
(475,60,35),
(476,60,36),
(477,60,37),
(478,60,38),
(479,60,39),
(480,60,40),
(481,61,1),
(482,61,2),
(483,61,3),
(484,61,4),
(485,61,5),
(486,61,6),
(487,61,7),
(488,61,8),
(489,62,9),
(490,62,10),
(491,62,11),
(492,62,12),
(493,62,13),
(494,62,14),
(495,62,15),
(496,62,16),
(497,63,17),
(498,63,18),
(499,63,19),
(500,63,20),
(501,63,21),
(502,63,22),
(503,63,23),
(504,63,24),
(505,64,25),
(506,64,26),
(507,64,27),
(508,64,28),
(509,64,29),
(510,64,30),
(511,64,31),
(512,64,32),
(513,65,33),
(514,65,34),
(515,65,35),
(516,65,36),
(517,65,37),
(518,65,38),
(519,65,39),
(520,65,40),
(521,66,1),
(522,66,2),
(523,66,3),
(524,66,4),
(525,66,5),
(526,66,6),
(527,66,7),
(528,66,8),
(529,67,9),
(530,67,10),
(531,67,11),
(532,67,12),
(533,67,13),
(534,67,14),
(535,67,15),
(536,67,16),
(537,68,17),
(538,68,18),
(539,68,19),
(540,68,20),
(541,68,21),
(542,68,22),
(543,68,23),
(544,68,24),
(545,69,25),
(546,69,26),
(547,69,27),
(548,69,28),
(549,69,29),
(550,69,30),
(551,69,31),
(552,69,32),
(553,70,33),
(554,70,34),
(555,70,35),
(556,70,36),
(557,70,37),
(558,70,38),
(559,70,39),
(560,70,40),
(561,71,1),
(562,71,2),
(563,71,3),
(564,71,4),
(565,71,5),
(566,71,6),
(567,71,7),
(568,71,8),
(569,72,9),
(570,72,10),
(571,72,11),
(572,72,12),
(573,72,13),
(574,72,14),
(575,72,15),
(576,72,16),
(577,73,17),
(578,73,18),
(579,73,19),
(580,73,20),
(581,73,21),
(582,73,22),
(583,73,23),
(584,73,24),
(585,74,25),
(586,74,26),
(587,74,27),
(588,74,28),
(589,74,29),
(590,74,30),
(591,74,31),
(592,74,32),
(593,75,33),
(594,75,34),
(595,75,35),
(596,75,36),
(597,75,37),
(598,75,38),
(599,75,39),
(600,75,40),
(601,76,1),
(602,76,2),
(603,76,3),
(604,76,4),
(605,76,5),
(606,76,6),
(607,76,7),
(608,76,8),
(609,77,9),
(610,77,10),
(611,77,11),
(612,77,12),
(613,77,13),
(614,77,14),
(615,77,15),
(616,77,16),
(617,78,17),
(618,78,18),
(619,78,19),
(620,78,20),
(621,78,21),
(622,78,22),
(623,78,23),
(624,78,24),
(625,79,25),
(626,79,26),
(627,79,27),
(628,79,28),
(629,79,29),
(630,79,30),
(631,79,31),
(632,79,32),
(633,80,33),
(634,80,34),
(635,80,35),
(636,80,36),
(637,80,37),
(638,80,38),
(639,80,39),
(640,80,40),
(641,81,1),
(642,81,2),
(643,81,3),
(644,81,4),
(645,81,5),
(646,81,6),
(647,81,7),
(648,81,8),
(649,82,9),
(650,82,10),
(651,82,11),
(652,82,12),
(653,82,13),
(654,82,14),
(655,82,15),
(656,82,16),
(657,83,17),
(658,83,18),
(659,83,19),
(660,83,20),
(661,83,21),
(662,83,22),
(663,83,23),
(664,83,24),
(665,84,25),
(666,84,26),
(667,84,27),
(668,84,28),
(669,84,29),
(670,84,30),
(671,84,31),
(672,84,32),
(673,85,33),
(674,85,34),
(675,85,35),
(676,85,36),
(677,85,37),
(678,85,38),
(679,85,39),
(680,85,40),
(681,86,1),
(682,86,2),
(683,86,3),
(684,86,4),
(685,86,5),
(686,86,6),
(687,86,7),
(688,86,8),
(689,87,9),
(690,87,10),
(691,87,11),
(692,87,12),
(693,87,13),
(694,87,14),
(695,87,15),
(696,87,16),
(697,88,17),
(698,88,18),
(699,88,19),
(700,88,20),
(701,88,21),
(702,88,22),
(703,88,23),
(704,88,24),
(705,89,25),
(706,89,26),
(707,89,27),
(708,89,28),
(709,89,29),
(710,89,30),
(711,89,31),
(712,89,32),
(713,90,33),
(714,90,34),
(715,90,35),
(716,90,36),
(717,90,37),
(718,90,38),
(719,90,39),
(720,90,40),
(721,91,1),
(722,91,2),
(723,91,3),
(724,91,4),
(725,91,5),
(726,91,6),
(727,91,7),
(728,91,8),
(729,92,9),
(730,92,10),
(731,92,11),
(732,92,12),
(733,92,13),
(734,92,14),
(735,92,15),
(736,92,16),
(737,93,17),
(738,93,18),
(739,93,19),
(740,93,20),
(741,93,21),
(742,93,22),
(743,93,23),
(744,93,24),
(745,94,25),
(746,94,26),
(747,94,27),
(748,94,28),
(749,94,29),
(750,94,30),
(751,94,31),
(752,94,32),
(753,95,33),
(754,95,34),
(755,95,35),
(756,95,36),
(757,95,37),
(758,95,38),
(759,95,39),
(760,95,40),
(761,96,1),
(762,96,2),
(763,96,3),
(764,96,4),
(765,96,5),
(766,96,6),
(767,96,7),
(768,96,8),
(769,97,9),
(770,97,10),
(771,97,11),
(772,97,12),
(773,97,13),
(774,97,14),
(775,97,15),
(776,97,16),
(777,98,17),
(778,98,18),
(779,98,19),
(780,98,20),
(781,98,21),
(782,98,22),
(783,98,23),
(784,98,24),
(785,99,25),
(786,99,26),
(787,99,27),
(788,99,28),
(789,99,29),
(790,99,30),
(791,99,31),
(792,99,32),
(793,100,33),
(794,100,34),
(795,100,35),
(796,100,36),
(797,100,37),
(798,100,38),
(799,100,39),
(800,100,40),
(801,101,1),
(802,101,2),
(803,101,3),
(804,101,4),
(805,101,5),
(806,101,6),
(807,101,7),
(808,101,8),
(809,102,9),
(810,102,10),
(811,102,11),
(812,102,12),
(813,102,13),
(814,102,14),
(815,102,15),
(816,102,16),
(817,103,17),
(818,103,18),
(819,103,19),
(820,103,20),
(821,103,21),
(822,103,22),
(823,103,23),
(824,103,24),
(825,104,25),
(826,104,26),
(827,104,27),
(828,104,28),
(829,104,29),
(830,104,30),
(831,104,31),
(832,104,32),
(833,105,33),
(834,105,34),
(835,105,35),
(836,105,36),
(837,105,37),
(838,105,38),
(839,105,39),
(840,105,40),
(841,106,1),
(842,106,2),
(843,106,3),
(844,106,4),
(845,106,5),
(846,106,6),
(847,106,7),
(848,106,8),
(849,107,9),
(850,107,10),
(851,107,11),
(852,107,12),
(853,107,13),
(854,107,14),
(855,107,15),
(856,107,16),
(857,108,17),
(858,108,18),
(859,108,19),
(860,108,20),
(861,108,21),
(862,108,22),
(863,108,23),
(864,108,24),
(865,109,25),
(866,109,26),
(867,109,27),
(868,109,28),
(869,109,29),
(870,109,30),
(871,109,31),
(872,109,32),
(873,110,33),
(874,110,34),
(875,110,35),
(876,110,36),
(877,110,37),
(878,110,38),
(879,110,39),
(880,110,40),
(881,111,1),
(882,111,2),
(883,111,3),
(884,111,4),
(885,111,5),
(886,111,6),
(887,111,7),
(888,111,8),
(889,112,9),
(890,112,10),
(891,112,11),
(892,112,12),
(893,112,13),
(894,112,14),
(895,112,15),
(896,112,16),
(897,113,17),
(898,113,18),
(899,113,19),
(900,113,20),
(901,113,21),
(902,113,22),
(903,113,23),
(904,113,24),
(905,114,25),
(906,114,26),
(907,114,27),
(908,114,28),
(909,114,29),
(910,114,30),
(911,114,31),
(912,114,32),
(913,115,33),
(914,115,34),
(915,115,35),
(916,115,36),
(917,115,37),
(918,115,38),
(919,115,39),
(920,115,40),
(921,116,1),
(922,116,2),
(923,116,3),
(924,116,4),
(925,116,5),
(926,116,6),
(927,116,7),
(928,116,8),
(929,117,9),
(930,117,10),
(931,117,11),
(932,117,12),
(933,117,13),
(934,117,14),
(935,117,15),
(936,117,16),
(937,118,17),
(938,118,18),
(939,118,19),
(940,118,20),
(941,118,21),
(942,118,22),
(943,118,23),
(944,118,24),
(945,119,25),
(946,119,26),
(947,119,27),
(948,119,28),
(949,119,29),
(950,119,30),
(951,119,31),
(952,119,32),
(953,120,33),
(954,120,34),
(955,120,35),
(956,120,36),
(957,120,37),
(958,120,38),
(959,120,39),
(960,120,40),
(961,121,1),
(962,121,2),
(963,121,3),
(964,121,4),
(965,121,5),
(966,121,6),
(967,121,7),
(968,121,8),
(969,122,9),
(970,122,10),
(971,122,11),
(972,122,12),
(973,122,13),
(974,122,14),
(975,122,15),
(976,122,16),
(977,123,17),
(978,123,18),
(979,123,19),
(980,123,20),
(981,123,21),
(982,123,22),
(983,123,23),
(984,123,24),
(985,124,25),
(986,124,26),
(987,124,27),
(988,124,28),
(989,124,29),
(990,124,30),
(991,124,31),
(992,124,32),
(993,125,33),
(994,125,34),
(995,125,35),
(996,125,36),
(997,125,37),
(998,125,38),
(999,125,39),
(1000,125,40),
(1001,126,1),
(1002,126,2),
(1003,126,3),
(1004,126,4),
(1005,126,5),
(1006,126,6),
(1007,126,7),
(1008,126,8),
(1009,127,9),
(1010,127,10),
(1011,127,11),
(1012,127,12),
(1013,127,13),
(1014,127,14),
(1015,127,15),
(1016,127,16),
(1017,128,17),
(1018,128,18),
(1019,128,19),
(1020,128,20),
(1021,128,21),
(1022,128,22),
(1023,128,23),
(1024,128,24),
(1025,129,25),
(1026,129,26),
(1027,129,27),
(1028,129,28),
(1029,129,29),
(1030,129,30),
(1031,129,31),
(1032,129,32),
(1033,130,33),
(1034,130,34),
(1035,130,35),
(1036,130,36),
(1037,130,37),
(1038,130,38),
(1039,130,39),
(1040,130,40),
(1041,131,1),
(1042,131,2),
(1043,131,3),
(1044,131,4),
(1045,131,5),
(1046,131,6),
(1047,131,7),
(1048,131,8),
(1049,132,9),
(1050,132,10),
(1051,132,11),
(1052,132,12),
(1053,132,13),
(1054,132,14),
(1055,132,15),
(1056,132,16),
(1057,133,17),
(1058,133,18),
(1059,133,19),
(1060,133,20),
(1061,133,21),
(1062,133,22),
(1063,133,23),
(1064,133,24),
(1065,134,25),
(1066,134,26),
(1067,134,27),
(1068,134,28),
(1069,134,29),
(1070,134,30),
(1071,134,31),
(1072,134,32),
(1073,135,33),
(1074,135,34),
(1075,135,35),
(1076,135,36),
(1077,135,37),
(1078,135,38),
(1079,135,39),
(1080,135,40),
(1081,136,1),
(1082,136,2),
(1083,136,3),
(1084,136,4),
(1085,136,5),
(1086,136,6),
(1087,136,7),
(1088,136,8),
(1089,137,9),
(1090,137,10),
(1091,137,11),
(1092,137,12),
(1093,137,13),
(1094,137,14),
(1095,137,15),
(1096,137,16),
(1097,138,17),
(1098,138,18),
(1099,138,19),
(1100,138,20),
(1101,138,21),
(1102,138,22),
(1103,138,23),
(1104,138,24),
(1105,139,25),
(1106,139,26),
(1107,139,27),
(1108,139,28),
(1109,139,29),
(1110,139,30),
(1111,139,31),
(1112,139,32),
(1113,140,33),
(1114,140,34),
(1115,140,35),
(1116,140,36),
(1117,140,37),
(1118,140,38),
(1119,140,39),
(1120,140,40),
(1121,141,1),
(1122,141,2),
(1123,141,3),
(1124,141,4),
(1125,141,5),
(1126,141,6),
(1127,141,7),
(1128,141,8),
(1129,142,9),
(1130,142,10),
(1131,142,11),
(1132,142,12),
(1133,142,13),
(1134,142,14),
(1135,142,15),
(1136,142,16),
(1137,143,17),
(1138,143,18),
(1139,143,19),
(1140,143,20),
(1141,143,21),
(1142,143,22),
(1143,143,23),
(1144,143,24),
(1145,144,25),
(1146,144,26),
(1147,144,27),
(1148,144,28),
(1149,144,29),
(1150,144,30),
(1151,144,31),
(1152,144,32),
(1153,145,33),
(1154,145,34),
(1155,145,35),
(1156,145,36),
(1157,145,37),
(1158,145,38),
(1159,145,39),
(1160,145,40),
(1161,146,1),
(1162,146,2),
(1163,146,3),
(1164,146,4),
(1165,146,5),
(1166,146,6),
(1167,146,7),
(1168,146,8),
(1169,147,9),
(1170,147,10),
(1171,147,11),
(1172,147,12),
(1173,147,13),
(1174,147,14),
(1175,147,15),
(1176,147,16),
(1177,148,17),
(1178,148,18),
(1179,148,19),
(1180,148,20),
(1181,148,21),
(1182,148,22),
(1183,148,23),
(1184,148,24),
(1185,149,25),
(1186,149,26),
(1187,149,27),
(1188,149,28),
(1189,149,29),
(1190,149,30),
(1191,149,31),
(1192,149,32),
(1193,150,33),
(1194,150,34),
(1195,150,35),
(1196,150,36),
(1197,150,37),
(1198,150,38),
(1199,150,39),
(1200,150,40),
(1201,151,1),
(1202,151,2),
(1203,151,3),
(1204,151,4),
(1205,151,5),
(1206,151,6),
(1207,151,7),
(1208,151,8),
(1209,152,9),
(1210,152,10),
(1211,152,11),
(1212,152,12),
(1213,152,13),
(1214,152,14),
(1215,152,15),
(1216,152,16),
(1217,153,17),
(1218,153,18),
(1219,153,19),
(1220,153,20),
(1221,153,21),
(1222,153,22),
(1223,153,23),
(1224,153,24),
(1225,154,25),
(1226,154,26),
(1227,154,27),
(1228,154,28),
(1229,154,29),
(1230,154,30),
(1231,154,31),
(1232,154,32),
(1233,155,33),
(1234,155,34),
(1235,155,35),
(1236,155,36),
(1237,155,37),
(1238,155,38),
(1239,155,39),
(1240,155,40),
(1241,156,1),
(1242,156,2),
(1243,156,3),
(1244,156,4),
(1245,156,5),
(1246,156,6),
(1247,156,7),
(1248,156,8),
(1249,157,9),
(1250,157,10),
(1251,157,11),
(1252,157,12),
(1253,157,13),
(1254,157,14),
(1255,157,15),
(1256,157,16),
(1257,158,17),
(1258,158,18),
(1259,158,19),
(1260,158,20),
(1261,158,21),
(1262,158,22),
(1263,158,23),
(1264,158,24),
(1265,159,25),
(1266,159,26),
(1267,159,27),
(1268,159,28),
(1269,159,29),
(1270,159,30),
(1271,159,31),
(1272,159,32),
(1273,160,33),
(1274,160,34),
(1275,160,35),
(1276,160,36),
(1277,160,37),
(1278,160,38),
(1279,160,39),
(1280,160,40),
(1281,161,1),
(1282,161,2),
(1283,161,3),
(1284,161,4),
(1285,161,5),
(1286,161,6),
(1287,161,7),
(1288,161,8),
(1289,162,9),
(1290,162,10),
(1291,162,11),
(1292,162,12),
(1293,162,13),
(1294,162,14),
(1295,162,15),
(1296,162,16),
(1297,163,17),
(1298,163,18),
(1299,163,19),
(1300,163,20),
(1301,163,21),
(1302,163,22),
(1303,163,23),
(1304,163,24),
(1305,164,25),
(1306,164,26),
(1307,164,27),
(1308,164,28),
(1309,164,29),
(1310,164,30),
(1311,164,31),
(1312,164,32),
(1313,165,33),
(1314,165,34),
(1315,165,35),
(1316,165,36),
(1317,165,37),
(1318,165,38),
(1319,165,39),
(1320,165,40),
(1321,166,1),
(1322,166,2),
(1323,166,3),
(1324,166,4),
(1325,166,5),
(1326,166,6),
(1327,166,7),
(1328,166,8),
(1329,167,9),
(1330,167,10),
(1331,167,11),
(1332,167,12),
(1333,167,13),
(1334,167,14),
(1335,167,15),
(1336,167,16),
(1337,168,17),
(1338,168,18),
(1339,168,19),
(1340,168,20),
(1341,168,21),
(1342,168,22),
(1343,168,23),
(1344,168,24),
(1345,169,25),
(1346,169,26),
(1347,169,27),
(1348,169,28),
(1349,169,29),
(1350,169,30),
(1351,169,31),
(1352,169,32),
(1353,170,33),
(1354,170,34),
(1355,170,35),
(1356,170,36),
(1357,170,37),
(1358,170,38),
(1359,170,39),
(1360,170,40),
(1361,171,1),
(1362,171,2),
(1363,171,3),
(1364,171,4),
(1365,171,5),
(1366,171,6),
(1367,171,7),
(1368,171,8),
(1369,172,9),
(1370,172,10),
(1371,172,11),
(1372,172,12),
(1373,172,13),
(1374,172,14),
(1375,172,15),
(1376,172,16),
(1377,173,17),
(1378,173,18),
(1379,173,19),
(1380,173,20),
(1381,173,21),
(1382,173,22),
(1383,173,23),
(1384,173,24),
(1385,174,25),
(1386,174,26),
(1387,174,27),
(1388,174,28),
(1389,174,29),
(1390,174,30),
(1391,174,31),
(1392,174,32),
(1393,175,33),
(1394,175,34),
(1395,175,35),
(1396,175,36),
(1397,175,37),
(1398,175,38),
(1399,175,39),
(1400,175,40),
(1401,176,1),
(1402,176,2),
(1403,176,3),
(1404,176,4),
(1405,176,5),
(1406,176,6),
(1407,176,7),
(1408,176,8),
(1409,177,9),
(1410,177,10),
(1411,177,11),
(1412,177,12),
(1413,177,13),
(1414,177,14),
(1415,177,15),
(1416,177,16),
(1417,178,17),
(1418,178,18),
(1419,178,19),
(1420,178,20),
(1421,178,21),
(1422,178,22),
(1423,178,23),
(1424,178,24),
(1425,179,25),
(1426,179,26),
(1427,179,27),
(1428,179,28),
(1429,179,29),
(1430,179,30),
(1431,179,31),
(1432,179,32),
(1433,180,33),
(1434,180,34),
(1435,180,35),
(1436,180,36),
(1437,180,37),
(1438,180,38),
(1439,180,39),
(1440,180,40),
(1441,181,1),
(1442,181,2),
(1443,181,3),
(1444,181,4),
(1445,181,5),
(1446,181,6),
(1447,181,7),
(1448,181,8),
(1449,182,9),
(1450,182,10),
(1451,182,11),
(1452,182,12),
(1453,182,13),
(1454,182,14),
(1455,182,15),
(1456,182,16),
(1457,183,17),
(1458,183,18),
(1459,183,19),
(1460,183,20),
(1461,183,21),
(1462,183,22),
(1463,183,23),
(1464,183,24),
(1465,184,25),
(1466,184,26),
(1467,184,27),
(1468,184,28),
(1469,184,29),
(1470,184,30),
(1471,184,31),
(1472,184,32),
(1473,185,33),
(1474,185,34),
(1475,185,35),
(1476,185,36),
(1477,185,37),
(1478,185,38),
(1479,185,39),
(1480,185,40),
(1481,186,1),
(1482,186,2),
(1483,186,3),
(1484,186,4),
(1485,186,5),
(1486,186,6),
(1487,186,7),
(1488,186,8),
(1489,187,9),
(1490,187,10),
(1491,187,11),
(1492,187,12),
(1493,187,13),
(1494,187,14),
(1495,187,15),
(1496,187,16),
(1497,188,17),
(1498,188,18),
(1499,188,19),
(1500,188,20),
(1501,188,21),
(1502,188,22),
(1503,188,23),
(1504,188,24),
(1505,189,25),
(1506,189,26),
(1507,189,27),
(1508,189,28),
(1509,189,29),
(1510,189,30),
(1511,189,31),
(1512,189,32),
(1513,190,33),
(1514,190,34),
(1515,190,35),
(1516,190,36),
(1517,190,37),
(1518,190,38),
(1519,190,39),
(1520,190,40),
(1521,191,1),
(1522,191,2),
(1523,191,3),
(1524,191,4),
(1525,191,5),
(1526,191,6),
(1527,191,7),
(1528,191,8),
(1529,192,9),
(1530,192,10),
(1531,192,11),
(1532,192,12),
(1533,192,13),
(1534,192,14),
(1535,192,15),
(1536,192,16),
(1537,193,17),
(1538,193,18),
(1539,193,19),
(1540,193,20),
(1541,193,21),
(1542,193,22),
(1543,193,23),
(1544,193,24),
(1545,194,25),
(1546,194,26),
(1547,194,27),
(1548,194,28),
(1549,194,29),
(1550,194,30),
(1551,194,31),
(1552,194,32),
(1553,195,33),
(1554,195,34),
(1555,195,35),
(1556,195,36),
(1557,195,37),
(1558,195,38),
(1559,195,39),
(1560,195,40),
(1561,196,1),
(1562,196,2),
(1563,196,3),
(1564,196,4),
(1565,196,5),
(1566,196,6),
(1567,196,7),
(1568,196,8),
(1569,197,9),
(1570,197,10),
(1571,197,11),
(1572,197,12),
(1573,197,13),
(1574,197,14),
(1575,197,15),
(1576,197,16),
(1577,198,17),
(1578,198,18),
(1579,198,19),
(1580,198,20),
(1581,198,21),
(1582,198,22),
(1583,198,23),
(1584,198,24),
(1585,199,25),
(1586,199,26),
(1587,199,27),
(1588,199,28),
(1589,199,29),
(1590,199,30),
(1591,199,31),
(1592,199,32),
(1593,200,33),
(1594,200,34),
(1595,200,35),
(1596,200,36),
(1597,200,37),
(1598,200,38),
(1599,200,39),
(1600,200,40),
(1601,201,1),
(1602,201,2),
(1603,201,3),
(1604,201,4),
(1605,201,5),
(1606,201,6),
(1607,201,7),
(1608,201,8),
(1609,202,9),
(1610,202,10),
(1611,202,11),
(1612,202,12),
(1613,202,13),
(1614,202,14),
(1615,202,15),
(1616,202,16),
(1617,203,17),
(1618,203,18),
(1619,203,19),
(1620,203,20),
(1621,203,21),
(1622,203,22),
(1623,203,23),
(1624,203,24),
(1625,204,25),
(1626,204,26),
(1627,204,27),
(1628,204,28),
(1629,204,29),
(1630,204,30),
(1631,204,31),
(1632,204,32),
(1633,205,33),
(1634,205,34),
(1635,205,35),
(1636,205,36),
(1637,205,37),
(1638,205,38),
(1639,205,39),
(1640,205,40),
(1641,206,1),
(1642,206,2),
(1643,206,3),
(1644,206,4),
(1645,206,5),
(1646,206,6),
(1647,206,7),
(1648,206,8),
(1649,207,9),
(1650,207,10),
(1651,207,11),
(1652,207,12),
(1653,207,13),
(1654,207,14),
(1655,207,15),
(1656,207,16),
(1657,208,17),
(1658,208,18),
(1659,208,19),
(1660,208,20),
(1661,208,21),
(1662,208,22),
(1663,208,23),
(1664,208,24),
(1665,209,25),
(1666,209,26),
(1667,209,27),
(1668,209,28),
(1669,209,29),
(1670,209,30),
(1671,209,31),
(1672,209,32),
(1673,210,33),
(1674,210,34),
(1675,210,35),
(1676,210,36),
(1677,210,37),
(1678,210,38),
(1679,210,39),
(1680,210,40),
(1681,211,1),
(1682,211,2),
(1683,211,3),
(1684,211,4),
(1685,211,5),
(1686,211,6),
(1687,211,7),
(1688,211,8),
(1689,212,9),
(1690,212,10),
(1691,212,11),
(1692,212,12),
(1693,212,13),
(1694,212,14),
(1695,212,15),
(1696,212,16),
(1697,213,17),
(1698,213,18),
(1699,213,19),
(1700,213,20),
(1701,213,21),
(1702,213,22),
(1703,213,23),
(1704,213,24),
(1705,214,25),
(1706,214,26),
(1707,214,27),
(1708,214,28),
(1709,214,29),
(1710,214,30),
(1711,214,31),
(1712,214,32),
(1713,215,33),
(1714,215,34),
(1715,215,35),
(1716,215,36),
(1717,215,37),
(1718,215,38),
(1719,215,39),
(1720,215,40),
(1721,216,1),
(1722,216,2),
(1723,216,3),
(1724,216,4),
(1725,216,5),
(1726,216,6),
(1727,216,7),
(1728,216,8),
(1729,217,9),
(1730,217,10),
(1731,217,11),
(1732,217,12),
(1733,217,13),
(1734,217,14),
(1735,217,15),
(1736,217,16),
(1737,218,17),
(1738,218,18),
(1739,218,19),
(1740,218,20),
(1741,218,21),
(1742,218,22),
(1743,218,23),
(1744,218,24),
(1745,219,25),
(1746,219,26),
(1747,219,27),
(1748,219,28),
(1749,219,29),
(1750,219,30),
(1751,219,31),
(1752,219,32),
(1753,220,33),
(1754,220,34),
(1755,220,35),
(1756,220,36),
(1757,220,37),
(1758,220,38),
(1759,220,39),
(1760,220,40),
(1761,221,1),
(1762,221,2),
(1763,221,3),
(1764,221,4),
(1765,221,5),
(1766,221,6),
(1767,221,7),
(1768,221,8),
(1769,222,9),
(1770,222,10),
(1771,222,11),
(1772,222,12),
(1773,222,13),
(1774,222,14),
(1775,222,15),
(1776,222,16),
(1777,223,17),
(1778,223,18),
(1779,223,19),
(1780,223,20),
(1781,223,21),
(1782,223,22),
(1783,223,23),
(1784,223,24),
(1785,224,25),
(1786,224,26),
(1787,224,27),
(1788,224,28),
(1789,224,29),
(1790,224,30),
(1791,224,31),
(1792,224,32),
(1793,225,33),
(1794,225,34),
(1795,225,35),
(1796,225,36),
(1797,225,37),
(1798,225,38),
(1799,225,39),
(1800,225,40),
(1801,226,1),
(1802,226,2),
(1803,226,3),
(1804,226,4),
(1805,226,5),
(1806,226,6),
(1807,226,7),
(1808,226,8),
(1809,227,9),
(1810,227,10),
(1811,227,11),
(1812,227,12),
(1813,227,13),
(1814,227,14),
(1815,227,15),
(1816,227,16),
(1817,228,17),
(1818,228,18),
(1819,228,19),
(1820,228,20),
(1821,228,21),
(1822,228,22),
(1823,228,23),
(1824,228,24),
(1825,229,25),
(1826,229,26),
(1827,229,27),
(1828,229,28),
(1829,229,29),
(1830,229,30),
(1831,229,31),
(1832,229,32),
(1833,230,33),
(1834,230,34),
(1835,230,35),
(1836,230,36),
(1837,230,37),
(1838,230,38),
(1839,230,39),
(1840,230,40),
(1841,231,1),
(1842,231,2),
(1843,231,3),
(1844,231,4),
(1845,231,5),
(1846,231,6),
(1847,231,7),
(1848,231,8),
(1849,232,9),
(1850,232,10),
(1851,232,11),
(1852,232,12),
(1853,232,13),
(1854,232,14),
(1855,232,15),
(1856,232,16),
(1857,233,17),
(1858,233,18),
(1859,233,19),
(1860,233,20),
(1861,233,21),
(1862,233,22),
(1863,233,23),
(1864,233,24),
(1865,234,25),
(1866,234,26),
(1867,234,27),
(1868,234,28),
(1869,234,29),
(1870,234,30),
(1871,234,31),
(1872,234,32),
(1873,235,33),
(1874,235,34),
(1875,235,35),
(1876,235,36),
(1877,235,37),
(1878,235,38),
(1879,235,39),
(1880,235,40),
(1881,236,1),
(1882,236,2),
(1883,236,3),
(1884,236,4),
(1885,236,5),
(1886,236,6),
(1887,236,7),
(1888,236,8),
(1889,237,9),
(1890,237,10),
(1891,237,11),
(1892,237,12),
(1893,237,13),
(1894,237,14),
(1895,237,15),
(1896,237,16),
(1897,238,17),
(1898,238,18),
(1899,238,19),
(1900,238,20),
(1901,238,21),
(1902,238,22),
(1903,238,23),
(1904,238,24),
(1905,239,25),
(1906,239,26),
(1907,239,27),
(1908,239,28),
(1909,239,29),
(1910,239,30),
(1911,239,31),
(1912,239,32),
(1913,240,33),
(1914,240,34),
(1915,240,35),
(1916,240,36),
(1917,240,37),
(1918,240,38),
(1919,240,39),
(1920,240,40),
(1921,241,1),
(1922,241,2),
(1923,241,3),
(1924,241,4),
(1925,241,5),
(1926,241,6),
(1927,241,7),
(1928,241,8),
(1929,242,9),
(1930,242,10),
(1931,242,11),
(1932,242,12),
(1933,242,13),
(1934,242,14),
(1935,242,15),
(1936,242,16),
(1937,243,17),
(1938,243,18),
(1939,243,19),
(1940,243,20),
(1941,243,21),
(1942,243,22),
(1943,243,23),
(1944,243,24),
(1945,244,25),
(1946,244,26),
(1947,244,27),
(1948,244,28),
(1949,244,29),
(1950,244,30),
(1951,244,31),
(1952,244,32),
(1953,245,33),
(1954,245,34),
(1955,245,35),
(1956,245,36),
(1957,245,37),
(1958,245,38),
(1959,245,39),
(1960,245,40),
(1961,246,1),
(1962,246,2),
(1963,246,3),
(1964,246,4),
(1965,246,5),
(1966,246,6),
(1967,246,7),
(1968,246,8),
(1969,247,9),
(1970,247,10),
(1971,247,11),
(1972,247,12),
(1973,247,13),
(1974,247,14),
(1975,247,15),
(1976,247,16),
(1977,248,17),
(1978,248,18),
(1979,248,19),
(1980,248,20),
(1981,248,21),
(1982,248,22),
(1983,248,23),
(1984,248,24),
(1985,249,25),
(1986,249,26),
(1987,249,27),
(1988,249,28),
(1989,249,29),
(1990,249,30),
(1991,249,31),
(1992,249,32),
(1993,250,33),
(1994,250,34),
(1995,250,35),
(1996,250,36),
(1997,250,37),
(1998,250,38),
(1999,250,39),
(2000,250,40),
(2001,251,1),
(2002,251,2),
(2003,251,3),
(2004,251,4),
(2005,251,5),
(2006,251,6),
(2007,251,7),
(2008,251,8),
(2009,252,9),
(2010,252,10),
(2011,252,11),
(2012,252,12),
(2013,252,13),
(2014,252,14),
(2015,252,15),
(2016,252,16),
(2017,253,17),
(2018,253,18),
(2019,253,19),
(2020,253,20),
(2021,253,21),
(2022,253,22),
(2023,253,23),
(2024,253,24),
(2025,254,25),
(2026,254,26),
(2027,254,27),
(2028,254,28),
(2029,254,29),
(2030,254,30),
(2031,254,31),
(2032,254,32),
(2033,255,33),
(2034,255,34),
(2035,255,35),
(2036,255,36),
(2037,255,37),
(2038,255,38),
(2039,255,39),
(2040,255,40),
(2041,256,1),
(2042,256,2),
(2043,256,3),
(2044,256,4),
(2045,256,5),
(2046,256,6),
(2047,256,7),
(2048,256,8),
(2049,257,9),
(2050,257,10),
(2051,257,11),
(2052,257,12),
(2053,257,13),
(2054,257,14),
(2055,257,15),
(2056,257,16),
(2057,258,17),
(2058,258,18),
(2059,258,19),
(2060,258,20),
(2061,258,21),
(2062,258,22),
(2063,258,23),
(2064,258,24),
(2065,259,25),
(2066,259,26),
(2067,259,27),
(2068,259,28),
(2069,259,29),
(2070,259,30),
(2071,259,31),
(2072,259,32),
(2073,260,33),
(2074,260,34),
(2075,260,35),
(2076,260,36),
(2077,260,37),
(2078,260,38),
(2079,260,39),
(2080,260,40),
(2081,261,1),
(2082,261,2),
(2083,261,3),
(2084,261,4),
(2085,261,5),
(2086,261,6),
(2087,261,7),
(2088,261,8),
(2089,262,9),
(2090,262,10),
(2091,262,11),
(2092,262,12),
(2093,262,13),
(2094,262,14),
(2095,262,15),
(2096,262,16),
(2097,263,17),
(2098,263,18),
(2099,263,19),
(2100,263,20),
(2101,263,21),
(2102,263,22),
(2103,263,23),
(2104,263,24),
(2105,264,25),
(2106,264,26),
(2107,264,27),
(2108,264,28),
(2109,264,29),
(2110,264,30),
(2111,264,31),
(2112,264,32),
(2113,265,33),
(2114,265,34),
(2115,265,35),
(2116,265,36),
(2117,265,37),
(2118,265,38),
(2119,265,39),
(2120,265,40),
(2121,266,1),
(2122,266,2),
(2123,266,3),
(2124,266,4),
(2125,266,5),
(2126,266,6),
(2127,266,7),
(2128,266,8),
(2129,267,9),
(2130,267,10),
(2131,267,11),
(2132,267,12),
(2133,267,13),
(2134,267,14),
(2135,267,15),
(2136,267,16),
(2137,268,17),
(2138,268,18),
(2139,268,19),
(2140,268,20),
(2141,268,21),
(2142,268,22),
(2143,268,23),
(2144,268,24),
(2145,269,25),
(2146,269,26),
(2147,269,27),
(2148,269,28),
(2149,269,29),
(2150,269,30),
(2151,269,31),
(2152,269,32),
(2153,270,33),
(2154,270,34),
(2155,270,35),
(2156,270,36),
(2157,270,37),
(2158,270,38),
(2159,270,39),
(2160,270,40),
(2161,271,1),
(2162,271,2),
(2163,271,3),
(2164,271,4),
(2165,271,5),
(2166,271,6),
(2167,271,7),
(2168,271,8),
(2169,272,9),
(2170,272,10),
(2171,272,11),
(2172,272,12),
(2173,272,13),
(2174,272,14),
(2175,272,15),
(2176,272,16),
(2177,273,17),
(2178,273,18),
(2179,273,19),
(2180,273,20),
(2181,273,21),
(2182,273,22),
(2183,273,23),
(2184,273,24),
(2185,274,25),
(2186,274,26),
(2187,274,27),
(2188,274,28),
(2189,274,29),
(2190,274,30),
(2191,274,31),
(2192,274,32),
(2193,275,33),
(2194,275,34),
(2195,275,35),
(2196,275,36),
(2197,275,37),
(2198,275,38),
(2199,275,39),
(2200,275,40),
(2201,276,1),
(2202,276,2),
(2203,276,3),
(2204,276,4),
(2205,276,5),
(2206,276,6),
(2207,276,7),
(2208,276,8),
(2209,277,9),
(2210,277,10),
(2211,277,11),
(2212,277,12),
(2213,277,13),
(2214,277,14),
(2215,277,15),
(2216,277,16),
(2217,278,17),
(2218,278,18),
(2219,278,19),
(2220,278,20),
(2221,278,21),
(2222,278,22),
(2223,278,23),
(2224,278,24),
(2225,279,25),
(2226,279,26),
(2227,279,27),
(2228,279,28),
(2229,279,29),
(2230,279,30),
(2231,279,31),
(2232,279,32),
(2233,280,33),
(2234,280,34),
(2235,280,35),
(2236,280,36),
(2237,280,37),
(2238,280,38),
(2239,280,39),
(2240,280,40),
(2241,281,1),
(2242,281,2),
(2243,281,3),
(2244,281,4),
(2245,281,5),
(2246,281,6),
(2247,281,7),
(2248,281,8),
(2249,282,9),
(2250,282,10),
(2251,282,11),
(2252,282,12),
(2253,282,13),
(2254,282,14),
(2255,282,15),
(2256,282,16),
(2257,283,17),
(2258,283,18),
(2259,283,19),
(2260,283,20),
(2261,283,21),
(2262,283,22),
(2263,283,23),
(2264,283,24),
(2265,284,25),
(2266,284,26),
(2267,284,27),
(2268,284,28),
(2269,284,29),
(2270,284,30),
(2271,284,31),
(2272,284,32),
(2273,285,33),
(2274,285,34),
(2275,285,35),
(2276,285,36),
(2277,285,37),
(2278,285,38),
(2279,285,39),
(2280,285,40),
(2281,286,1),
(2282,286,2),
(2283,286,3),
(2284,286,4),
(2285,286,5),
(2286,286,6),
(2287,286,7),
(2288,286,8),
(2289,287,9),
(2290,287,10),
(2291,287,11),
(2292,287,12),
(2293,287,13),
(2294,287,14),
(2295,287,15),
(2296,287,16),
(2297,288,17),
(2298,288,18),
(2299,288,19),
(2300,288,20),
(2301,288,21),
(2302,288,22),
(2303,288,23),
(2304,288,24),
(2305,289,25),
(2306,289,26),
(2307,289,27),
(2308,289,28),
(2309,289,29),
(2310,289,30),
(2311,289,31),
(2312,289,32),
(2313,290,33),
(2314,290,34),
(2315,290,35),
(2316,290,36),
(2317,290,37),
(2318,290,38),
(2319,290,39),
(2320,290,40),
(2321,291,1),
(2322,291,2),
(2323,291,3),
(2324,291,4),
(2325,291,5),
(2326,291,6),
(2327,291,7),
(2328,291,8),
(2329,292,9),
(2330,292,10),
(2331,292,11),
(2332,292,12),
(2333,292,13),
(2334,292,14),
(2335,292,15),
(2336,292,16),
(2337,293,17),
(2338,293,18),
(2339,293,19),
(2340,293,20),
(2341,293,21),
(2342,293,22),
(2343,293,23),
(2344,293,24),
(2345,294,25),
(2346,294,26),
(2347,294,27),
(2348,294,28),
(2349,294,29),
(2350,294,30),
(2351,294,31),
(2352,294,32),
(2353,295,33),
(2354,295,34),
(2355,295,35),
(2356,295,36),
(2357,295,37),
(2358,295,38),
(2359,295,39),
(2360,295,40),
(2361,296,1),
(2362,296,2),
(2363,296,3),
(2364,296,4),
(2365,296,5),
(2366,296,6),
(2367,296,7),
(2368,296,8),
(2369,297,9),
(2370,297,10),
(2371,297,11),
(2372,297,12),
(2373,297,13),
(2374,297,14),
(2375,297,15),
(2376,297,16),
(2377,298,17),
(2378,298,18),
(2379,298,19),
(2380,298,20),
(2381,298,21),
(2382,298,22),
(2383,298,23),
(2384,298,24),
(2385,299,25),
(2386,299,26),
(2387,299,27),
(2388,299,28),
(2389,299,29),
(2390,299,30),
(2391,299,31),
(2392,299,32),
(2393,300,33),
(2394,300,34),
(2395,300,35),
(2396,300,36),
(2397,300,37),
(2398,300,38),
(2399,300,39),
(2400,300,40);



create table faculty (
	id INT,
	first_name VARCHAR(50),
	last_name VARCHAR(50),
	position VARCHAR(50)
);
insert into faculty 
(id, first_name, last_name, position) 
values 
(1, 'Gunilla', 'Nijs', 'teacher'),
(2, 'Kamilah', 'Hounihan', 'teacher'),
(3, 'Xaviera', 'Dixson', 'teacher'),
(4, 'Husein', 'Spellsworth', 'teacher'),
(5, 'Patrizius', 'Orrell', 'teacher'),
(6, 'Eleni', 'Lukovic', 'teacher'),
(7, 'Bing', 'McPhelimey', 'teacher'),
(8, 'Jefferson', 'Farens', 'teacher'),
(9, 'Kippy', 'Carneck', 'teacher'),
(10, 'Aylmer', 'Fulleylove', 'teacher'),
(11, 'Elsinore', 'Barnwill', 'teacher'),
(12, 'Humbert', 'Dodge', 'teacher'),
(13, 'Arron', 'Dillway', 'teacher'),
(14, 'Nola', 'McKissack', 'teacher'),
(15, 'Kalvin', 'Cowpe', 'teacher'),
(16, 'Bay', 'McMurray', 'teacher'),
(17, 'Kiel', 'Pierson', 'teacher'),
(18, 'Kipp', 'Bright', 'teacher'),
(19, 'Foss', 'Frankis', 'teacher'),
(20, 'Douglas', 'Corneljes', 'teacher'),
(21, 'Patrice', 'Trayling', 'teacher'),
(22, 'Claybourne', 'Bannister', 'teacher'),
(23, 'Maggi', 'McLarty', 'teacher'),
(24, 'Kevina', 'Dudgeon', 'teacher'),
(25, 'Emelia', 'Early', 'teacher'),
(26, 'Paten', 'Hugonneau', 'teacher'),
(27, 'Melonie', 'Pryell', 'teacher'),
(28, 'Gigi', 'Horrell', 'teacher'),
(29, 'Lorilee', 'Cottu', 'teacher'),
(30, 'Rowney', 'Rowes', 'teacher'),
(31, 'Nicol', 'Spurryer', 'teacher'),
(32, 'Elijah', 'Dashwood', 'teacher'),
(33, 'Jere', 'Liggons', 'teacher'),
(34, 'Frayda', 'Radley', 'teacher'),
(35, 'Faunie', 'Herculeson', 'teacher'),
(36, 'Skippie', 'Guerrier', 'teacher'),
(37, 'Ruddie', 'Helsdon', 'teacher'),
(38, 'Katine', 'Elcox', 'teacher'),
(39, 'Rriocard', 'Lloyd', 'teacher'),
(40, 'Harald', 'Audry', 'teacher'),
(41, 'Xylina', 'Gehricke', 'principal'),
(42, 'Tamarra', 'Greatbach', 'secretary'),
(43, 'Thorny', 'Woodage', 'custodian'),
(44, 'Renelle', 'Petegre', 'lunch specialist'),
(45, 'Matty', 'Dyett', 'vice principal');

select * from students s
join students_classes sc on  s.id = sc.student_id
join classes c on c.id = sc.class_id
join faculty f on c.teacher_id = f.id;



drop table if exists classes;
create table classes
(
    id INT,
    subject VARCHAR(35),
    period INT,
    teacher_id INT
);
insert into classes
(id, subject, period, teacher_id) 
(1,'Algebra 1',1,4),
(2,'Contemporary literature',3,2),
(3,'Geography',1,7),
(4,'Biology',1,5),
(5,'Choir',2,1),
(6,'Music theory',3,1),
(7,'Swimming',5,3),
(8,'Health',4,3),
(9,'Algebra 2',2,4),
(10,'Debate',4,2),
(11,'US government',2,7),
(12,'Chemistry',2,5),
(13,'Driver education',6,6),
(14,'Photography',2,2),
(15,'Weight training',6,3),
(16,'Dance',4,1),
(17,'Calculus',3,4),
(18,'Creative writing',5,2),
(19,'World history',6,7),
(20,'Psychology',1,6),
(21,'Orchestra',4,6),
(22,'Film',1,1),
(23,'JROTC',5,6),
(24,'Auto mechanics',5,7),
(25,'Geometry',4,4),
(26,'Journalism',6,2),
(27,'US history',3,7),
(28,'Drama',1,2),
(29,'Woodworking',5,5),
(30,'Jazz band',4,7),
(31,'Computer Science',3,5),
(32,'Modern literature',3,3),
(33,'Statistics',5,4),
(34,'American literature',1,3),
(35,'Environmental science',2,6),
(36,'Sculpture',6,5),
(37,'Percussion',4,5),
(38,'Trigonometry',6,4),
(39,'British literature',2,3),
(40,'Physics',3,6);

drop table if exists assignments;
create table assignments
(
	id SERIAL PRIMARY KEY,
	class_id INT,
	title VARCHAR(40),
	points_possible INT
);

insert into assignments 
(id, class_id, title, pts_possible) 
values 
(1, 1, 'ligula in', 100),
(2, 1, 'donec pharetra', 100),
(3, 2, 'massa id', 100),
(4, 2, 'morbi a ipsum', 100),
(5, 3, 'justo morbi', 100),
(6, 3, 'dapibus nulla suscipit', 100),
(7, 4, 'faucibus accumsan', 100),
(8, 4, 'vestibulum ante', 100),
(9, 5, 'elit sodales scelerisque', 100),
(10, 5, 'consequat varius', 100),
(11, 6, 'accumsan felis ut', 100),
(12, 6, 'vulputate elementum nullam', 100),
(13, 7, 'auctor gravida sem', 100),
(14, 7, 'cras pellentesque volutpat', 100),
(15, 8, 'faucibus orci luctus', 100),
(16, 8, 'odio curabitur', 100),
(17, 9, 'erat curabitur gravida', 100),
(18, 9, 'diam in', 100),
(19, 10, 'magna vulputate luctus', 100),
(20, 10, 'mauris non ligula', 100),
(21, 11, 'mauris non ligula', 100),
(22, 11, 'justo sit', 100),
(23, 12, 'in consequat ut', 100),
(24, 12, 'est congue', 100),
(25, 13, 'non mattis', 100),
(26, 13, 'nisl nunc', 100),
(27, 14, 'pede ac', 100),
(28, 14, 'interdum in ante', 100),
(29, 15, 'suspendisse accumsan tortor', 100),
(30, 15, 'duis at', 100),
(31, 16, 'dapibus nulla', 100),
(32, 16, 'sagittis nam', 100),
(33, 17, 'vestibulum sit amet', 100),
(34, 17, 'nulla justo', 100),
(35, 18, 'ultrices posuere', 100),
(36, 18, 'mauris ullamcorper', 100),
(37, 19, 'pellentesque at', 100),
(38, 19, 'justo morbi ut', 100),
(39, 20, 'a suscipit', 100),
(40, 20, 'ullamcorper purus', 100),
(41, 21, 'in faucibus orci', 100),
(42, 21, 'morbi a ipsum', 100),
(43, 22, 'in ante', 100),
(44, 22, 'nulla nisl nunc', 100),
(45, 23, 'duis ac nibh', 100),
(46, 23, 'aliquam augue', 100),
(47, 24, 'justo pellentesque viverra', 100),
(48, 24, 'porta volutpat', 100),
(49, 25, 'volutpat erat', 100),
(50, 25, 'vivamus in felis', 100),
(51, 26, 'libero nam', 100),
(52, 26, 'quis turpis', 100),
(53, 27, 'vestibulum sit', 100),
(54, 27, 'eu sapien', 100),
(55, 28, 'consectetuer adipiscing elit', 100),
(56, 28, 'magna bibendum', 100),
(57, 29, 'neque sapien placerat', 100),
(58, 29, 'sollicitudin mi sit', 100),
(59, 30, 'sapien quis libero', 100),
(60, 30, 'justo in blandit', 100),
(61, 31, 'potenti nullam porttitor', 100),
(62, 31, 'eu pede', 100),
(63, 32, 'proin risus praesent', 100),
(64, 32, 'scelerisque quam turpis', 100),
(65, 33, 'eget tincidunt eget', 100),
(66, 33, 'aenean lectus pellentesque', 100),
(67, 34, 'massa id', 100),
(68, 34, 'semper rutrum nulla', 100),
(69, 35, 'dictumst etiam', 100),
(70, 35, 'sagittis dui', 100),
(71, 36, 'tortor risus dapibus', 100),
(72, 36, 'rhoncus sed vestibulum', 100),
(73, 37, 'eu massa donec', 100),
(74, 37, 'amet eros suspendisse', 100),
(75, 38, 'quis orci', 100),
(76, 38, 'primis in', 100),
(77, 39, 'posuere metus vitae', 100),
(78, 39, 'pellentesque viverra pede', 100),
(79, 40, 'vulputate ut ultrices', 100),
(80, 40, 'ut ultrices', 100);


