drop table if exists students;
create table students (
	id INT,
	first_name VARCHAR(50),
	last_name VARCHAR(50),
	gender VARCHAR(50)
);
insert into students
(id, first_name, last_name, gender)
values
(1, 'Sara-ann', 'Eallis', 'Female'),
(2, 'Ki', 'Bargery', 'Female'),
(3, 'Janette', 'McDowell', 'Female'),
(4, 'Hephzibah', 'Norrey', 'Female'),
(5, 'Hewitt', 'Doyley', 'Male'),
(6, 'Norina', 'Strephan', 'Female'),
(7, 'Gaby', 'Raoux', 'Male'),
(8, 'Merola', 'Colleran', 'Female'),
(9, 'Hubey', 'Elderbrant', 'Male'),
(10, 'Skell', 'Baudino', 'Male'),
(11, 'Orella', 'Hagart', 'Female'),
(12, 'Ailey', 'Allmen', 'Female'),
(13, 'Kenny', 'Quartermain', 'Male'),
(14, 'Jacki', 'Forrester', 'Female'),
(15, 'Mercedes', 'Dow', 'Female'),
(16, 'Asher', 'Russo', 'Male'),
(17, 'Laurie', 'Lewins', 'Female'),
(18, 'Leighton', 'Cullotey', 'Male'),
(19, 'Margi', 'Kadd', 'Female'),
(20, 'Wernher', 'Alstead', 'Male'),
(21, 'Rollo', 'Cabrer', 'Male'),
(22, 'Shelba', 'Pimmocke', 'Female'),
(23, 'Lilias', 'Tipping', 'Female'),
(24, 'Lydie', 'Lumpkin', 'Female'),
(25, 'Buckie', 'Mullane', 'Male'),
(26, 'Derry', 'Crosen', 'Male'),
(27, 'Scotti', 'O''Scanlon', 'Male'),
(28, 'Retha', 'Sich', 'Female'),
(29, 'Ashil', 'Mulqueeny', 'Female'),
(30, 'Dylan', 'Mannock', 'Male'),
(31, 'Papagena', 'Wenderott', 'Female'),
(32, 'Merci', 'Farlane', 'Female'),
(33, 'Jeni', 'Ridde', 'Female'),
(34, 'Klement', 'Beevors', 'Male'),
(35, 'Northrup', 'Barks', 'Male'),
(36, 'Crichton', 'Kiebes', 'Male'),
(37, 'Lucine', 'Filipputti', 'Female'),
(38, 'Solomon', 'Oseman', 'Male'),
(39, 'Corly', 'Milligan', 'Female'),
(40, 'Lewiss', 'Tollfree', 'Male'),
(41, 'Luelle', 'Chuck', 'Female'),
(42, 'Ania', 'Wagerfield', 'Female'),
(43, 'Randell', 'Pickerin', 'Male'),
(44, 'Lindy', 'Kahler', 'Male'),
(45, 'Derby', 'Sarrell', 'Male'),
(46, 'Randa', 'Sunman', 'Female'),
(47, 'Valentijn', 'Heffernan', 'Male'),
(48, 'Pernell', 'Tett', 'Male'),
(49, 'Cordie', 'Tatam', 'Male'),
(50, 'Morgen', 'Sisson', 'Male'),
(51, 'Gabriell', 'Dornin', 'Female'),
(52, 'Adelbert', 'Driussi', 'Male'),
(53, 'Bev', 'Rumbelow', 'Female'),
(54, 'Wittie', 'Olenichev', 'Male'),
(55, 'Galvin', 'Tomovic', 'Male'),
(56, 'Free', 'Honisch', 'Male'),
(57, 'Giusto', 'Filkin', 'Male'),
(58, 'Lorinda', 'Churchman', 'Female'),
(59, 'Nickolai', 'Winmill', 'Male'),
(60, 'Marilin', 'Babington', 'Female'),
(61, 'Boote', 'Burnsall', 'Male'),
(62, 'Nils', 'Mepsted', 'Male'),
(63, 'Jedediah', 'Henric', 'Male'),
(64, 'Nikaniki', 'Hazlewood', 'Female'),
(65, 'Sigismund', 'Beeching', 'Male'),
(66, 'Pincas', 'Hackleton', 'Male'),
(67, 'Lynnelle', 'Merington', 'Female'),
(68, 'Trevar', 'Engel', 'Male'),
(69, 'Bobbee', 'Lytlle', 'Female'),
(70, 'Debby', 'Dutnell', 'Female'),
(71, 'Verne', 'Zollner', 'Male'),
(72, 'Karoly', 'Wolvey', 'Female'),
(73, 'Morie', 'Antonio', 'Male'),
(74, 'Emile', 'Stockford', 'Male'),
(75, 'Reamonn', 'Lupton', 'Male'),
(76, 'Gretna', 'Balducci', 'Female'),
(77, 'Fredra', 'Halleday', 'Female'),
(78, 'Clementine', 'Labusch', 'Female'),
(79, 'Carl', 'Reuss', 'Male'),
(80, 'Granville', 'Ferrandez', 'Male');


drop table if exists students_classes;
create table students_classes
(
    id INT PRIMARY KEY,
    student_id INT,
    class_id INT
);
insert into students_classes
(id, student_id, class_id)
values
(1, 1, 1),
(2, 1, 6),
(3, 1, 15),
(4, 1, 8),
(5, 2, 9),
(6, 2, 2),
(7, 2, 3),
(8, 2, 12),
(9, 3, 13),
(10, 3, 10),
(11, 3, 11),
(12, 3, 4),
(13, 4, 5),
(14, 4, 14),
(15, 4, 7),
(16, 4, 16),
(17, 5, 1),
(18, 5, 6),
(19, 5, 15),
(20, 5, 8),
(21, 6, 9),
(22, 6, 2),
(23, 6, 3),
(24, 6, 12),
(25, 7, 13),
(26, 7, 10),
(27, 7, 11),
(28, 7, 4),
(29, 8, 5),
(30, 8, 14),
(31, 8, 7),
(32, 8, 16),
(33, 9, 1),
(34, 9, 6),
(35, 9, 15),
(36, 9, 8),
(37, 10, 9),
(38, 10, 2),
(39, 10, 3),
(40, 10, 12),
(41, 11, 13),
(42, 11, 10),
(43, 11, 11),
(44, 11, 4),
(45, 12, 5),
(46, 12, 14),
(47, 12, 7),
(48, 12, 16),
(49, 13, 1),
(50, 13, 6),
(51, 13, 15),
(52, 13, 8),
(53, 14, 9),
(54, 14, 2),
(55, 14, 3),
(56, 14, 12),
(57, 15, 13),
(58, 15, 10),
(59, 15, 11),
(60, 15, 4),
(61, 16, 5),
(62, 16, 14),
(63, 16, 7),
(64, 16, 16),
(65, 17, 1),
(66, 17, 6),
(67, 17, 15),
(68, 17, 8),
(69, 18, 9),
(70, 18, 2),
(71, 18, 3),
(72, 18, 12),
(73, 19, 13),
(74, 19, 10),
(75, 19, 11),
(76, 19, 4),
(77, 20, 5),
(78, 20, 14),
(79, 20, 7),
(80, 20, 16),
(81, 21, 1),
(82, 21, 6),
(83, 21, 15),
(84, 21, 8),
(85, 22, 9),
(86, 22, 2),
(87, 22, 3),
(88, 22, 12),
(89, 23, 13),
(90, 23, 10),
(91, 23, 11),
(92, 23, 4),
(93, 24, 5),
(94, 24, 14),
(95, 24, 7),
(96, 24, 16),
(97, 25, 1),
(98, 25, 6),
(99, 25, 15),
(100, 25, 8),
(101, 26, 9),
(102, 26, 2),
(103, 26, 3),
(104, 26, 12),
(105, 27, 13),
(106, 27, 10),
(107, 27, 11),
(108, 27, 4),
(109, 28, 5),
(110, 28, 14),
(111, 28, 7),
(112, 28, 16),
(113, 29, 1),
(114, 29, 6),
(115, 29, 15),
(116, 29, 8),
(117, 30, 9),
(118, 30, 2),
(119, 30, 3),
(120, 30, 12),
(121, 31, 13),
(122, 31, 10),
(123, 31, 11),
(124, 31, 4),
(125, 32, 5),
(126, 32, 14),
(127, 32, 7),
(128, 32, 16),
(129, 33, 1),
(130, 33, 6),
(131, 33, 15),
(132, 33, 8),
(133, 34, 9),
(134, 34, 2),
(135, 34, 3),
(136, 34, 12),
(137, 35, 13),
(138, 35, 10),
(139, 35, 11),
(140, 35, 4),
(141, 36, 5),
(142, 36, 14),
(143, 36, 7),
(144, 36, 16),
(145, 37, 1),
(146, 37, 6),
(147, 37, 15),
(148, 37, 8),
(149, 38, 9),
(150, 38, 2),
(151, 38, 3),
(152, 38, 12),
(153, 39, 13),
(154, 39, 10),
(155, 39, 11),
(156, 39, 4),
(157, 40, 5),
(158, 40, 14),
(159, 40, 7),
(160, 40, 16),
(161, 41, 1),
(162, 41, 6),
(163, 41, 15),
(164, 41, 8),
(165, 42, 9),
(166, 42, 2),
(167, 42, 3),
(168, 42, 12),
(169, 43, 13),
(170, 43, 10),
(171, 43, 11),
(172, 43, 4),
(173, 44, 5),
(174, 44, 14),
(175, 44, 7),
(176, 44, 16),
(177, 45, 1),
(178, 45, 6),
(179, 45, 15),
(180, 45, 8),
(181, 46, 9),
(182, 46, 2),
(183, 46, 3),
(184, 46, 12),
(185, 47, 13),
(186, 47, 10),
(187, 47, 11),
(188, 47, 4),
(189, 48, 5),
(190, 48, 14),
(191, 48, 7),
(192, 48, 16),
(193, 49, 1),
(194, 49, 6),
(195, 49, 15),
(196, 49, 8),
(197, 50, 9),
(198, 50, 2),
(199, 50, 3),
(200, 50, 12),
(201, 51, 13),
(202, 51, 10),
(203, 51, 11),
(204, 51, 4),
(205, 52, 5),
(206, 52, 14),
(207, 52, 7),
(208, 52, 16),
(209, 53, 1),
(210, 53, 6),
(211, 53, 15),
(212, 53, 8),
(213, 54, 9),
(214, 54, 2),
(215, 54, 3),
(216, 54, 12),
(217, 55, 13),
(218, 55, 10),
(219, 55, 11),
(220, 55, 4),
(221, 56, 5),
(222, 56, 14),
(223, 56, 7),
(224, 56, 16),
(225, 57, 1),
(226, 57, 6),
(227, 57, 15),
(228, 57, 8),
(229, 58, 9),
(230, 58, 2),
(231, 58, 3),
(232, 58, 12),
(233, 59, 13),
(234, 59, 10),
(235, 59, 11),
(236, 59, 4),
(237, 60, 5),
(238, 60, 14),
(239, 60, 7),
(240, 60, 16),
(241, 61, 1),
(242, 61, 6),
(243, 61, 15),
(244, 61, 8),
(245, 62, 9),
(246, 62, 2),
(247, 62, 3),
(248, 62, 12),
(249, 63, 13),
(250, 63, 10),
(251, 63, 11),
(252, 63, 4),
(253, 64, 5),
(254, 64, 14),
(255, 64, 7),
(256, 64, 16),
(257, 65, 1),
(258, 65, 6),
(259, 65, 15),
(260, 65, 8),
(261, 66, 9),
(262, 66, 2),
(263, 66, 3),
(264, 66, 12),
(265, 67, 13),
(266, 67, 10),
(267, 67, 11),
(268, 67, 4),
(269, 68, 5),
(270, 68, 14),
(271, 68, 7),
(272, 68, 16),
(273, 69, 1),
(274, 69, 6),
(275, 69, 15),
(276, 69, 8),
(277, 70, 9),
(278, 70, 2),
(279, 70, 3),
(280, 70, 12),
(281, 71, 13),
(282, 71, 10),
(283, 71, 11),
(284, 71, 4),
(285, 72, 5),
(286, 72, 14),
(287, 72, 7),
(288, 72, 16),
(289, 73, 1),
(290, 73, 6),
(291, 73, 15),
(292, 73, 8),
(293, 74, 9),
(294, 74, 2),
(295, 74, 3),
(296, 74, 12),
(297, 75, 13),
(298, 75, 10),
(299, 75, 11),
(300, 75, 4),
(301, 76, 5),
(302, 76, 14),
(303, 76, 7),
(304, 76, 16),
(305, 77, 1),
(306, 77, 6),
(307, 77, 15),
(308, 77, 8),
(309, 78, 9),
(310, 78, 2),
(311, 78, 3),
(312, 78, 12),
(313, 79, 13),
(314, 79, 10),
(315, 79, 11),
(316, 79, 4),
(317, 80, 5),
(318, 80, 14),
(319, 80, 7),
(320, 80, 16);

drop table if exists faculty;
create table faculty (
	id INT,
	first_name VARCHAR(50),
	last_name VARCHAR(50),
	position VARCHAR(50)
);
insert into faculty
(id, first_name, last_name, position)
values
(1, 'Gunilla', 'Nijs', 'professor'),
(2, 'Kamilah', 'Hounihan', 'professor'),
(3, 'Xaviera', 'Dixson', 'professor'),
(4, 'Husein', 'Spellsworth', 'professor'),
(5, 'Patrizius', 'Orrell', 'adjunctprofessor'),
(6, 'Eleni', 'Lukovic', 'adjunct professor'),
(7, 'Bing', 'McPhelimey', 'adjunct professor'),
(8, 'Jefferson', 'Farens', 'adjunct professor'),
(9, 'Xylina', 'Gehricke', 'dean'),
(10, 'Tamarra', 'Greatbach', 'counselor'),
(11, 'Thorny', 'Woodage', 'gamekeeper'),
(12, 'Renelle', 'Petegre', 'head of admissions'),
(13, 'Matty', 'Dyett', 'assistant dean');

drop table if exists teachers_classes;
create table teachers_classes (
	id INT,
	class_id INT,
	teacher_id INT
);

insert into teachers_classes
(id, class_id, teacher_id)
values
(1, 1, 1),
(2, 2, 1),
(3, 3, 1),
(4, 4, 1),
(5, 5, 2),
(6, 6, 2),
(7, 7, 2),
(8, 8, 2),
(9, 9, 3),
(10, 10, 3),
(11, 11, 3),
(12, 12, 3),
(13, 13, 4),
(14, 14, 4),
(15, 15, 4),
(16, 16, 4),
(17, 1, 5),
(18, 2, 5),
(19, 3, 5),
(20, 4, 5),
(21, 5, 6),
(22, 6, 6),
(23, 7, 6),
(24, 8, 6),
(25, 9, 7),
(26, 10, 7),
(27, 11, 7),
(28, 12, 7),
(29, 13, 8),
(30, 14, 8),
(31, 15, 8),
(32, 16, 8);

drop table if exists classes;
create table classes
(
    id INT,
    subject VARCHAR(35),
    period INT,
    teacher_id INT
);
insert into classes
(id, subject, period, teacher_id)
values
(1, 'Algebra 1', 1, 1),
(2, 'Algebra 2', 2, 1),
(3, 'Chemistry', 3, 1),
(4, 'Biology', 4, 1),
(5, 'US government', 1, 2),
(6, 'Geography', 2, 2),
(7, 'Contemporary literature', 3, 2),
(8, 'Music theory', 4, 2),
(9, 'Debate', 1, 3),
(10, 'Photography', 2, 3),
(11, 'Driver education', 3, 3),
(12, 'Choir', 4, 3),
(13, 'Swimming', 1, 4),
(14, 'Health', 2, 4),
(15, 'Weight training', 3, 4),
(16, 'Dance', 4, 4);

drop table if exists assignments;
create table assignments
(
	id SERIAL PRIMARY KEY,
	class_id INT,
	title VARCHAR(40),
	pts_possible INT
);

insert into assignments
(id, class_id, title, pts_possible)
values
(1, 1, 'ligula in', 100),
(2, 1, 'donec pharetra', 100),
(3, 2, 'massa id', 100),
(4, 2, 'morbi a ipsum', 100),
(5, 3, 'justo morbi', 100),
(6, 3, 'dapibus nulla suscipit', 100),
(7, 4, 'faucibus accumsan', 100),
(8, 4, 'vestibulum ante', 100),
(9, 5, 'elit sodales scelerisque', 100),
(10, 5, 'consequat varius', 100),
(11, 6, 'accumsan felis ut', 100),
(12, 6, 'vulputate elementum nullam', 100),
(13, 7, 'auctor gravida sem', 100),
(14, 7, 'cras pellentesque volutpat', 100),
(15, 8, 'faucibus orci luctus', 100),
(16, 8, 'odio curabitur', 100),
(17, 9, 'erat curabitur gravida', 100),
(18, 9, 'diam in', 100),
(19, 10, 'magna vulputate luctus', 100),
(20, 10, 'mauris non ligula', 100),
(21, 11, 'mauris non ligula', 100),
(22, 11, 'justo sit', 100),
(23, 12, 'in consequat ut', 100),
(24, 12, 'est congue', 100),
(25, 13, 'non mattis', 100),
(26, 13, 'nisl nunc', 100),
(27, 14, 'pede ac', 100),
(28, 14, 'interdum in ante', 100),
(29, 15, 'suspendisse accumsan tortor', 100),
(30, 15, 'duis at', 100),
(31, 16, 'dapibus nulla', 100),
(32, 16, 'sagittis nam', 100);



drop table if exists grades;
create table grades
(
	id INT,
	student_id INT,
	assignment_id INT,
	pts_scored INT
);

insert into grades
(id, student_id, assignment_id, pts_scored)
values
(1, 1, 1, 57),
(2, 1, 2, 64),
(3, 1, 12, 83),
(4, 1, 11, 100),
(5, 1, 30, 80),
(6, 1, 29, 72),
(7, 1, 16, 75),
(8, 1, 15, 94),
(9, 2, 17, 75),
(10, 2, 18, 74),
(11, 2, 3, 100),
(12, 2, 4, 78),
(13, 2, 6, 69),
(14, 2, 5, 56),
(15, 2, 24, 84),
(16, 2, 23, 80),
(17, 3, 26, 85),
(18, 3, 25, 72),
(19, 3, 20, 72),
(20, 3, 19, 64),
(21, 3, 22, 87),
(22, 3, 21, 78),
(23, 3, 7, 65),
(24, 3, 8, 75),
(25, 4, 9, 96),
(26, 4, 10, 76),
(27, 4, 27, 63),
(28, 4, 28, 90),
(29, 4, 14, 89),
(30, 4, 13, 84),
(31, 4, 31, 76),
(32, 4, 32, 67),
(33, 5, 2, 59),
(34, 5, 1, 83),
(35, 5, 12, 85),
(36, 5, 11, 68),
(37, 5, 30, 53),
(38, 5, 29, 64),
(39, 5, 16, 82),
(40, 5, 15, 90),
(41, 6, 17, 65),
(42, 6, 18, 68),
(43, 6, 3, 58),
(44, 6, 4, 92),
(45, 6, 5, 83),
(46, 6, 6, 68),
(47, 6, 23, 63),
(48, 6, 24, 89),
(49, 7, 26, 60),
(50, 7, 25, 100),
(51, 7, 20, 75),
(52, 7, 19, 71),
(53, 7, 21, 71),
(54, 7, 22, 54),
(55, 7, 8, 70),
(56, 7, 7, 55),
(57, 8, 9, 85),
(58, 8, 10, 53),
(59, 8, 28, 99),
(60, 8, 27, 97),
(61, 8, 14, 96),
(62, 8, 13, 86),
(63, 8, 31, 55),
(64, 8, 32, 67),
(65, 9, 2, 62),
(66, 9, 1, 72),
(67, 9, 12, 97),
(68, 9, 11, 92),
(69, 9, 30, 94),
(70, 9, 29, 99),
(71, 9, 15, 100),
(72, 9, 16, 55),
(73, 10, 17, 69),
(74, 10, 18, 82),
(75, 10, 3, 84),
(76, 10, 4, 52),
(77, 10, 5, 56),
(78, 10, 6, 86),
(79, 10, 23, 50),
(80, 10, 24, 54),
(81, 11, 26, 53),
(82, 11, 25, 94),
(83, 11, 20, 80),
(84, 11, 19, 90),
(85, 11, 21, 61),
(86, 11, 22, 96),
(87, 11, 8, 53),
(88, 11, 7, 94),
(89, 12, 9, 95),
(90, 12, 10, 59),
(91, 12, 27, 55),
(92, 12, 28, 68),
(93, 12, 14, 56),
(94, 12, 13, 57),
(95, 12, 32, 80),
(96, 12, 31, 97),
(97, 13, 1, 85),
(98, 13, 2, 78),
(99, 13, 11, 65),
(100, 13, 12, 91),
(101, 13, 29, 61),
(102, 13, 30, 86),
(103, 13, 16, 96),
(104, 13, 15, 80),
(105, 14, 18, 86),
(106, 14, 17, 74),
(107, 14, 3, 80),
(108, 14, 4, 60),
(109, 14, 5, 84),
(110, 14, 6, 62),
(111, 14, 24, 68),
(112, 14, 23, 86),
(113, 15, 26, 87),
(114, 15, 25, 80),
(115, 15, 20, 74),
(116, 15, 19, 52),
(117, 15, 22, 93),
(118, 15, 21, 78),
(119, 15, 7, 69),
(120, 15, 8, 86),
(121, 16, 10, 89),
(122, 16, 9, 64),
(123, 16, 28, 92),
(124, 16, 27, 56),
(125, 16, 14, 84),
(126, 16, 13, 88),
(127, 16, 32, 65),
(128, 16, 31, 73),
(129, 17, 2, 86),
(130, 17, 1, 69),
(131, 17, 12, 90),
(132, 17, 11, 98),
(133, 17, 30, 83),
(134, 17, 29, 72),
(135, 17, 16, 100),
(136, 17, 15, 86),
(137, 18, 17, 83),
(138, 18, 18, 80),
(139, 18, 3, 60),
(140, 18, 4, 73),
(141, 18, 5, 88),
(142, 18, 6, 58),
(143, 18, 23, 85),
(144, 18, 24, 57),
(145, 19, 25, 64),
(146, 19, 26, 74),
(147, 19, 20, 52),
(148, 19, 19, 81),
(149, 19, 22, 84),
(150, 19, 21, 99),
(151, 19, 8, 76),
(152, 19, 7, 98),
(153, 20, 10, 83),
(154, 20, 9, 62),
(155, 20, 28, 73),
(156, 20, 27, 79),
(157, 20, 14, 91),
(158, 20, 13, 66),
(159, 20, 31, 63),
(160, 20, 32, 97),
(161, 21, 1, 88),
(162, 21, 2, 80),
(163, 21, 12, 80),
(164, 21, 11, 89),
(165, 21, 29, 99),
(166, 21, 30, 60),
(167, 21, 16, 60),
(168, 21, 15, 86),
(169, 22, 18, 60),
(170, 22, 17, 86),
(171, 22, 3, 96),
(172, 22, 4, 63),
(173, 22, 5, 64),
(174, 22, 6, 52),
(175, 22, 24, 56),
(176, 22, 23, 80),
(177, 23, 26, 98),
(178, 23, 25, 66),
(179, 23, 20, 88),
(180, 23, 19, 95),
(181, 23, 22, 53),
(182, 23, 21, 63),
(183, 23, 8, 75),
(184, 23, 7, 55),
(185, 24, 10, 55),
(186, 24, 9, 82),
(187, 24, 28, 100),
(188, 24, 27, 98),
(189, 24, 14, 86),
(190, 24, 13, 64),
(191, 24, 32, 88),
(192, 24, 31, 61),
(193, 25, 2, 78),
(194, 25, 1, 77),
(195, 25, 11, 68),
(196, 25, 12, 52),
(197, 25, 29, 57),
(198, 25, 30, 100),
(199, 25, 16, 61),
(200, 25, 15, 98),
(201, 26, 18, 73),
(202, 26, 17, 82),
(203, 26, 4, 76),
(204, 26, 3, 84),
(205, 26, 5, 63),
(206, 26, 6, 89),
(207, 26, 23, 87),
(208, 26, 24, 94),
(209, 27, 25, 81),
(210, 27, 26, 51),
(211, 27, 20, 98),
(212, 27, 19, 76),
(213, 27, 22, 81),
(214, 27, 21, 70),
(215, 27, 8, 95),
(216, 27, 7, 71),
(217, 28, 9, 84),
(218, 28, 10, 82),
(219, 28, 27, 83),
(220, 28, 28, 93),
(221, 28, 13, 55),
(222, 28, 14, 88),
(223, 28, 32, 56),
(224, 28, 31, 52),
(225, 29, 1, 71),
(226, 29, 2, 84),
(227, 29, 12, 76),
(228, 29, 11, 97),
(229, 29, 29, 71),
(230, 29, 30, 50),
(231, 29, 15, 55),
(232, 29, 16, 63),
(233, 30, 17, 80),
(234, 30, 18, 96),
(235, 30, 4, 94),
(236, 30, 3, 55),
(237, 30, 6, 51),
(238, 30, 5, 81),
(239, 30, 24, 81),
(240, 30, 23, 66),
(241, 31, 26, 79),
(242, 31, 25, 74),
(243, 31, 20, 67),
(244, 31, 19, 100),
(245, 31, 22, 84),
(246, 31, 21, 70),
(247, 31, 8, 76),
(248, 31, 7, 89),
(249, 32, 10, 73),
(250, 32, 9, 62),
(251, 32, 28, 68),
(252, 32, 27, 87),
(253, 32, 14, 95),
(254, 32, 13, 90),
(255, 32, 31, 56),
(256, 32, 32, 69),
(257, 33, 1, 83),
(258, 33, 2, 76),
(259, 33, 12, 60),
(260, 33, 11, 95),
(261, 33, 29, 76),
(262, 33, 30, 100),
(263, 33, 15, 76),
(264, 33, 16, 68),
(265, 34, 17, 89),
(266, 34, 18, 68),
(267, 34, 3, 60),
(268, 34, 4, 92),
(269, 34, 6, 55),
(270, 34, 5, 66),
(271, 34, 23, 68),
(272, 34, 24, 93),
(273, 35, 26, 81),
(274, 35, 25, 91),
(275, 35, 20, 62),
(276, 35, 19, 64),
(277, 35, 21, 74),
(278, 35, 22, 51),
(279, 35, 7, 82),
(280, 35, 8, 60),
(281, 36, 9, 59),
(282, 36, 10, 86),
(283, 36, 28, 81),
(284, 36, 27, 86),
(285, 36, 13, 87),
(286, 36, 14, 62),
(287, 36, 31, 58),
(288, 36, 32, 64),
(289, 37, 2, 87),
(290, 37, 1, 70),
(291, 37, 11, 51),
(292, 37, 12, 56),
(293, 37, 29, 70),
(294, 37, 30, 61),
(295, 37, 16, 59),
(296, 37, 15, 90),
(297, 38, 17, 90),
(298, 38, 18, 76),
(299, 38, 4, 79),
(300, 38, 3, 68),
(301, 38, 5, 55),
(302, 38, 6, 77),
(303, 38, 24, 70),
(304, 38, 23, 94),
(305, 39, 25, 70),
(306, 39, 26, 82),
(307, 39, 20, 94),
(308, 39, 19, 57),
(309, 39, 22, 59),
(310, 39, 21, 50),
(311, 39, 8, 50),
(312, 39, 7, 64),
(313, 40, 9, 98),
(314, 40, 10, 57),
(315, 40, 28, 85),
(316, 40, 27, 54),
(317, 40, 13, 89),
(318, 40, 14, 85),
(319, 40, 31, 81),
(320, 40, 32, 74),
(321, 41, 1, 66),
(322, 41, 2, 99),
(323, 41, 12, 79),
(324, 41, 11, 60),
(325, 41, 30, 67),
(326, 41, 29, 86),
(327, 41, 15, 79),
(328, 41, 16, 74),
(329, 42, 18, 69),
(330, 42, 17, 77),
(331, 42, 3, 59),
(332, 42, 4, 100),
(333, 42, 5, 61),
(334, 42, 6, 75),
(335, 42, 23, 73),
(336, 42, 24, 66),
(337, 43, 25, 90),
(338, 43, 26, 97),
(339, 43, 19, 51),
(340, 43, 20, 84),
(341, 43, 21, 93),
(342, 43, 22, 100),
(343, 43, 7, 66),
(344, 43, 8, 79),
(345, 44, 9, 51),
(346, 44, 10, 86),
(347, 44, 27, 72),
(348, 44, 28, 77),
(349, 44, 14, 52),
(350, 44, 13, 72),
(351, 44, 32, 60),
(352, 44, 31, 78),
(353, 45, 1, 73),
(354, 45, 2, 87),
(355, 45, 12, 70),
(356, 45, 11, 68),
(357, 45, 29, 55),
(358, 45, 30, 72),
(359, 45, 15, 68),
(360, 45, 16, 100),
(361, 46, 18, 76),
(362, 46, 17, 76),
(363, 46, 4, 66),
(364, 46, 3, 90),
(365, 46, 5, 58),
(366, 46, 6, 88),
(367, 46, 24, 70),
(368, 46, 23, 77),
(369, 47, 25, 67),
(370, 47, 26, 60),
(371, 47, 19, 89),
(372, 47, 20, 50),
(373, 47, 22, 92),
(374, 47, 21, 73),
(375, 47, 8, 70),
(376, 47, 7, 100),
(377, 48, 10, 100),
(378, 48, 9, 91),
(379, 48, 28, 63),
(380, 48, 27, 98),
(381, 48, 13, 73),
(382, 48, 14, 99),
(383, 48, 31, 59),
(384, 48, 32, 60),
(385, 49, 1, 59),
(386, 49, 2, 71),
(387, 49, 12, 65),
(388, 49, 11, 100),
(389, 49, 29, 57),
(390, 49, 30, 87),
(391, 49, 16, 52),
(392, 49, 15, 52),
(393, 50, 17, 52),
(394, 50, 18, 66),
(395, 50, 3, 98),
(396, 50, 4, 66),
(397, 50, 6, 88),
(398, 50, 5, 65),
(399, 50, 23, 76),
(400, 50, 24, 66),
(401, 51, 26, 92),
(402, 51, 25, 82),
(403, 51, 19, 98),
(404, 51, 20, 79),
(405, 51, 22, 80),
(406, 51, 21, 73),
(407, 51, 8, 98),
(408, 51, 7, 95),
(409, 52, 9, 65),
(410, 52, 10, 91),
(411, 52, 27, 51),
(412, 52, 28, 97),
(413, 52, 14, 72),
(414, 52, 13, 74),
(415, 52, 32, 59),
(416, 52, 31, 83),
(417, 53, 2, 63),
(418, 53, 1, 85),
(419, 53, 12, 79),
(420, 53, 11, 50),
(421, 53, 29, 94),
(422, 53, 30, 94),
(423, 53, 16, 92),
(424, 53, 15, 81),
(425, 54, 18, 89),
(426, 54, 17, 75),
(427, 54, 4, 85),
(428, 54, 3, 50),
(429, 54, 5, 95),
(430, 54, 6, 93),
(431, 54, 23, 69),
(432, 54, 24, 85),
(433, 55, 25, 90),
(434, 55, 26, 85),
(435, 55, 19, 99),
(436, 55, 20, 86),
(437, 55, 22, 91),
(438, 55, 21, 96),
(439, 55, 7, 76),
(440, 55, 8, 52),
(441, 56, 10, 59),
(442, 56, 9, 88),
(443, 56, 28, 87),
(444, 56, 27, 70),
(445, 56, 13, 72),
(446, 56, 14, 61),
(447, 56, 32, 88),
(448, 56, 31, 68),
(449, 57, 2, 100),
(450, 57, 1, 69),
(451, 57, 12, 71),
(452, 57, 11, 84),
(453, 57, 30, 52),
(454, 57, 29, 92),
(455, 57, 15, 58),
(456, 57, 16, 97),
(457, 58, 18, 58),
(458, 58, 17, 100),
(459, 58, 3, 83),
(460, 58, 4, 92),
(461, 58, 5, 69),
(462, 58, 6, 92),
(463, 58, 24, 99),
(464, 58, 23, 100),
(465, 59, 25, 53),
(466, 59, 26, 82),
(467, 59, 20, 100),
(468, 59, 19, 64),
(469, 59, 22, 54),
(470, 59, 21, 94),
(471, 59, 8, 97),
(472, 59, 7, 71),
(473, 60, 9, 52),
(474, 60, 10, 93),
(475, 60, 28, 50),
(476, 60, 27, 62),
(477, 60, 13, 73),
(478, 60, 14, 74),
(479, 60, 32, 63),
(480, 60, 31, 70),
(481, 61, 1, 53),
(482, 61, 2, 97),
(483, 61, 12, 99),
(484, 61, 11, 67),
(485, 61, 30, 67),
(486, 61, 29, 76),
(487, 61, 15, 88),
(488, 61, 16, 99),
(489, 62, 18, 85),
(490, 62, 17, 60),
(491, 62, 3, 68),
(492, 62, 4, 61),
(493, 62, 5, 52),
(494, 62, 6, 70),
(495, 62, 23, 100),
(496, 62, 24, 71),
(497, 63, 26, 79),
(498, 63, 25, 66),
(499, 63, 19, 57),
(500, 63, 20, 82),
(501, 63, 21, 97),
(502, 63, 22, 59),
(503, 63, 7, 58),
(504, 63, 8, 79),
(505, 64, 10, 72),
(506, 64, 9, 56),
(507, 64, 27, 64),
(508, 64, 28, 75),
(509, 64, 13, 83),
(510, 64, 14, 50),
(511, 64, 31, 71),
(512, 64, 32, 55),
(513, 65, 2, 67),
(514, 65, 1, 100),
(515, 65, 12, 75),
(516, 65, 11, 88),
(517, 65, 30, 64),
(518, 65, 29, 78),
(519, 65, 16, 94),
(520, 65, 15, 54),
(521, 66, 17, 64),
(522, 66, 18, 52),
(523, 66, 4, 99),
(524, 66, 3, 99),
(525, 66, 6, 91),
(526, 66, 5, 69),
(527, 66, 23, 92),
(528, 66, 24, 94),
(529, 67, 26, 85),
(530, 67, 25, 60),
(531, 67, 19, 77),
(532, 67, 20, 87),
(533, 67, 21, 77),
(534, 67, 22, 68),
(535, 67, 7, 65),
(536, 67, 8, 65),
(537, 68, 10, 90),
(538, 68, 9, 74),
(539, 68, 28, 93),
(540, 68, 27, 60),
(541, 68, 14, 50),
(542, 68, 13, 84),
(543, 68, 32, 70),
(544, 68, 31, 85),
(545, 69, 2, 68),
(546, 69, 1, 98),
(547, 69, 11, 80),
(548, 69, 12, 72),
(549, 69, 30, 100),
(550, 69, 29, 100),
(551, 69, 15, 69),
(552, 69, 16, 75),
(553, 70, 17, 82),
(554, 70, 18, 57),
(555, 70, 4, 73),
(556, 70, 3, 62),
(557, 70, 5, 100),
(558, 70, 6, 76),
(559, 70, 24, 95),
(560, 70, 23, 84),
(561, 71, 25, 59),
(562, 71, 26, 73),
(563, 71, 20, 90),
(564, 71, 19, 83),
(565, 71, 21, 72),
(566, 71, 22, 81),
(567, 71, 7, 98),
(568, 71, 8, 84),
(569, 72, 10, 70),
(570, 72, 9, 70),
(571, 72, 27, 81),
(572, 72, 28, 54),
(573, 72, 13, 83),
(574, 72, 14, 63),
(575, 72, 32, 89),
(576, 72, 31, 77),
(577, 73, 2, 63),
(578, 73, 1, 58),
(579, 73, 12, 93),
(580, 73, 11, 66),
(581, 73, 29, 81),
(582, 73, 30, 98),
(583, 73, 15, 100),
(584, 73, 16, 55),
(585, 74, 18, 100),
(586, 74, 17, 91),
(587, 74, 4, 61),
(588, 74, 3, 78),
(589, 74, 6, 64),
(590, 74, 5, 56),
(591, 74, 24, 88),
(592, 74, 23, 62),
(593, 75, 25, 56),
(594, 75, 26, 72),
(595, 75, 20, 72),
(596, 75, 19, 55),
(597, 75, 22, 74),
(598, 75, 21, 78),
(599, 75, 7, 62),
(600, 75, 8, 69),
(601, 76, 9, 66),
(602, 76, 10, 72),
(603, 76, 28, 73),
(604, 76, 27, 69),
(605, 76, 14, 93),
(606, 76, 13, 88),
(607, 76, 31, 64),
(608, 76, 32, 70),
(609, 77, 1, 61),
(610, 77, 2, 64),
(611, 77, 11, 77),
(612, 77, 12, 98),
(613, 77, 29, 80),
(614, 77, 30, 80),
(615, 77, 15, 86),
(616, 77, 16, 96),
(617, 78, 17, 85),
(618, 78, 18, 91),
(619, 78, 3, 96),
(620, 78, 4, 54),
(621, 78, 5, 72),
(622, 78, 6, 59),
(623, 78, 23, 77),
(624, 78, 24, 85),
(625, 79, 26, 55),
(626, 79, 25, 92),
(627, 79, 20, 96),
(628, 79, 19, 54),
(629, 79, 21, 98),
(630, 79, 22, 62),
(631, 79, 7, 86),
(632, 79, 8, 56),
(633, 80, 9, 96),
(634, 80, 10, 98),
(635, 80, 28, 63),
(636, 80, 27, 75),
(637, 80, 13, 84),
(638, 80, 14, 51),
(639, 80, 32, 90),
(640, 80, 31, 60);

select * from students s
join students_classes sc on  s.id = sc.student_id
join classes c on c.id = sc.class_id
join teachers_classes tc on c.id = tc.class_id
join faculty f on tc.teacher_id = f.id
join assignments a on a.class_id = c.id
join grades g on g.assignment_id = a.id and g.student_id = s.id
order by s.id, c.id;

-- drop table if exists students;
-- drop table if exists students_classes;
-- drop table if exists faculty;
-- drop table if exists classes;
-- drop table if exists assignments;
-- drop table if exists grades;

